SR No,LRNo,LRDate,NoOfBox,Weight,InvoiceNumber,InvoiceDate,PartyName,CityName,District,State,Amount,TransportName,Remark
2,158076382,3/29/2025 19:06,12,140.4,DHL/24-25/16538,3/29/2025 11:21,PHOENIX INDUSTRIAL SERVICE,ANGUL,ANGUL,Odisha,56994,GATI,All others ODA
3,158076382,3/29/2025 19:06,5,41.5,DHL/24-25/16538,3/29/2025 11:21,PHOENIX INDUSTRIAL SERVICE,ANGUL,ANGUL,Odisha,17493.5,GATI,All others ODA
4,158076320,3/29/2025 19:05,1,12,DHL/24-25/16451,3/28/2025 14:30,TECHNOBUD ELECTRONICS,MADHA,SOLAPUR,MAHARASHTRA,5811.5,GATI,Scheduled
5,158076429,3/29/2025 19:05,2,54.1,DHL/24-25/16496,3/29/2025 10:07,"OM ENTERPRISES.,",NASHIK,NASHIK,MAHARASHTRA,17481.7,GATI,Scheduled
6,158076436,3/29/2025 19:04,2,10.9,DHL/24-25/16537,3/29/2025 11:20,SHREE SHYAM AGENCIES,RAMGARH CANTT,RAMGARH CANTT,Jharkhand,4041.5,GATI,All others ODA
7,158076436,3/29/2025 19:04,4,22.6,DHL/24-25/16537,3/29/2025 11:20,SHREE SHYAM AGENCIES,RAMGARH CANTT,RAMGARH CANTT,Jharkhand,9074.2,GATI,All others ODA
8,158076412,3/29/2025 19:04,7,45.5,DHL/24-25/16509,3/29/2025 10:46,Pioneer Instrument and Automation (CCM),BHUBANESHWAR,KHORDHA,Odisha,70623,GATI,All others ODA
9,158076399,3/29/2025 19:03,68,166.6,DHL/24-25/16544,3/29/2025 11:40,SNEHA,SANTACRUZ(W),MUMBAI,MAHARASHTRA,163288.4,GATI,Scheduled
10,158076306,3/29/2025 19:02,2,35.4,DHL/24-25/16534,3/29/2025 11:18,MAA LAKHI BHANDAR,DUMKA,DUMKA,Jharkhand,9841.2,GATI,All others ODA
11,158076313,3/29/2025 19:02,4,55.6,DHL/24-25/16522,3/29/2025 11:08,OMKARESHWAR SALES,SHIVPURI,SHIVPURI,Madhya Pradesh,20272.4,GATI,All others ODA
12,158076405,3/29/2025 19:00,20,136,DHL/24-25/16505,3/29/2025 10:40,NITIRAJ SALES,SAGAR,SAGAR,Madhya Pradesh,49265,GATI,All others ODA
13,158076405,3/29/2025 19:00,5,150,DHL/24-25/16506,3/29/2025 10:41,NITIRAJ SALES,SAGAR,SAGAR,Madhya Pradesh,40090.5,GATI,All others ODA
14,158076405,3/29/2025 19:00,7,83.3,DHL/24-25/16515,3/29/2025 10:56,NITIRAJ SALES,SAGAR,SAGAR,Madhya Pradesh,33742.1,GATI,All others ODA
15,158076405,3/29/2025 19:00,10,188,DHL/24-25/16521,3/29/2025 11:08,NITIRAJ SALES,SAGAR,SAGAR,Madhya Pradesh,57171,GATI,All others ODA
16,158076405,3/29/2025 19:00,3,24.3,DHL/24-25/16529,3/29/2025 11:14,NITIRAJ SALES,SAGAR,SAGAR,Madhya Pradesh,11097.9,GATI,All others ODA
17,158076405,3/29/2025 19:00,9,74.7,DHL/24-25/16529,3/29/2025 11:14,NITIRAJ SALES,SAGAR,SAGAR,Madhya Pradesh,22656,GATI,All others ODA
18,158076337,3/29/2025 18:44,1,5.4,DHL/24-25/16450,3/28/2025 14:29,Raigarh,Raigarh,Raigarh,Chhattisgarh,2619.6,GATI,Scheduled
19,158076337,3/29/2025 18:44,1,1.9,DHL/24-25/16462,3/28/2025 14:43,Raigarh,Raigarh,Raigarh,Chhattisgarh,3026.7,GATI,Scheduled
20,158076368,3/29/2025 18:43,2,5,DHL/24-25/16477,3/28/2025 15:13,AL-NOOR ELECTRONICS,BHIWANDI,THANE,MAHARASHTRA,4731.8,GATI,Scheduled
21,158076368,3/29/2025 18:43,1,2.2,DHL/24-25/16551,3/29/2025 11:47,AL-NOOR ELECTRONICS,BHIWANDI,THANE,MAHARASHTRA,2743.5,GATI,Scheduled
22,158076344,3/29/2025 18:38,2,4.6,DHL/24-25/16482,3/28/2025 15:18,KEONJHAR TELEMATICS,KEONJHAR,KEONJHAR,Odisha,7976.8,GATI,All others ODA
23,158076344,3/29/2025 18:38,2,10,DHL/24-25/16501,3/29/2025 10:32,KEONJHAR TELEMATICS,KEONJHAR,KEONJHAR,Odisha,4012,GATI,All others ODA
24,158076290,3/29/2025 18:34,1,4.5,DHL/24-25/16454,3/28/2025 14:33,Berhampur,Berhampur,GANJAM,Odisha,2218.4,GATI,All others ODA
25,158076290,3/29/2025 18:34,2,11,DHL/24-25/16456,3/28/2025 14:36,Berhampur,Berhampur,GANJAM,Odisha,5498.8,GATI,All others ODA
26,158076351,3/29/2025 18:31,2,11,DHL/24-25/16457,3/28/2025 14:37,Accuracy World,Bongaigaon,Bongaigaon,Assam,7847,GATI,All others ODA
27,158076351,3/29/2025 18:31,2,9.2,DHL/24-25/16471,3/28/2025 15:02,Accuracy World,Bongaigaon,Bongaigaon,Assam,6572.6,GATI,All others ODA
28,158076351,3/29/2025 18:31,2,9.6,DHL/24-25/16483,3/28/2025 15:19,Accuracy World,Bongaigaon,Bongaigaon,Assam,6879.4,GATI,All others ODA
29,158076351,3/29/2025 18:31,2,18.7,DHL/24-25/16510,3/29/2025 10:47,Accuracy World,Bongaigaon,Bongaigaon,Assam,7422.2,GATI,All others ODA
30,158076375,3/29/2025 18:26,4,22.4,DHL/24-25/16507,3/29/2025 10:43,MALPANI HARDWARE STORES,LAKHIMPUR,LAKHIMPUR,Assam,9003.4,DELHIVERY,All others ODA
31,158076375,3/29/2025 18:26,2,24,DHL/24-25/16507,3/29/2025 10:43,MALPANI HARDWARE STORES,LAKHIMPUR,LAKHIMPUR,Assam,10395.8,DELHIVERY,All others ODA
32,280004846,3/29/2025 18:24,10,60.5,DHL/24-25/16517,3/29/2025 10:57,Maa Ji Sales,TIKAMGARH,TIKAMGARH,Madhya Pradesh,24101.5,DELHIVERY,All others ODA
33,280007332,3/29/2025 18:23,10,117,DHL/24-25/16527,3/29/2025 11:11,M/S Mahalaxmi Metals,MUNIGUDA,RAYAGADA,Odisha,47200,DELHIVERY,All others ODA
34,280007332,3/29/2025 18:23,5,41,DHL/24-25/16527,3/29/2025 11:11,M/S Mahalaxmi Metals,MUNIGUDA,RAYAGADA,Odisha,19057,DELHIVERY,All others ODA
35,28006189,3/29/2025 18:22,1,5,DHL/24-25/16461,3/28/2025 14:42,S.S SCALE,SRIGANGANAGAR,SRIGANGANAGAR,Rajasthan,3793.7,DELHIVERY,All others ODA
36,280005727,3/29/2025 18:21,1,11.7,DHL/24-25/16539,3/29/2025 11:21,Rudra Enterprises,Pandhurna,CHHINDWARA,Madhya Pradesh,4961.9,DELHIVERY,All others ODA
37,280005371,3/29/2025 18:20,2,4.4,DHL/24-25/16458,3/28/2025 14:38,SHREE GAYATRI INSTRUMENT,SEONI,SEONI,Madhya Pradesh,5345.4,DELHIVERY,All others ODA
38,280005371,3/29/2025 18:20,8,36.8,DHL/24-25/16468,3/28/2025 14:55,SHREE GAYATRI INSTRUMENT,SEONI,SEONI,Madhya Pradesh,22325.6,DELHIVERY,All others ODA
39,28006604,3/29/2025 18:16,20,234,DHL/24-25/16499,3/29/2025 10:28,ASHIRWAD SALES,CHHATARPUR,CHHATARPUR,Madhya Pradesh,96406,DELHIVERY,All others ODA
40,28006604,3/29/2025 18:16,10,159,DHL/24-25/16514,3/29/2025 10:55,ASHIRWAD SALES,CHHATARPUR,CHHATARPUR,Madhya Pradesh,54575,DELHIVERY,All others ODA
41,280008294,3/29/2025 18:00,1,30.8,DHL/24-25/16569,3/29/2025 15:32,PALIWAL INSTRUMENT,BURHANPUR,Burhanpur,Madhya Pradesh,8183.3,DELHIVERY,All others ODA
42,1.00E+11,3/28/2025 19:43,3,20.7,DHL/24-25/16406,3/28/2025 9:44,Sambalpur,SAMBALPUR,SAMBALPUR,Odisha,22833,SAFEXPRESS,Scheduled
43,1.00E+11,3/28/2025 19:43,2,16.2,DHL/24-25/16412,3/28/2025 9:53,Sambalpur,SAMBALPUR,SAMBALPUR,Odisha,4248,SAFEXPRESS,Scheduled
44,1.00E+11,3/28/2025 19:43,7,32.2,DHL/24-25/16478,3/28/2025 15:14,Sambalpur,SAMBALPUR,SAMBALPUR,Odisha,14950.6,SAFEXPRESS,Scheduled
45,1.00E+11,3/28/2025 19:41,2,35.4,DHL/24-25/16431,3/28/2025 12:13,Marc Weighing,Khorda,KHORDHA,Odisha,9558,SAFEXPRESS,Scheduled
46,1.00E+11,3/28/2025 19:41,4,4.8,DHL/24-25/16433,3/28/2025 12:15,Marc Weighing,Khorda,KHORDHA,Odisha,5664,SAFEXPRESS,Scheduled
47,1.00E+11,3/28/2025 19:41,5,11,DHL/24-25/16475,3/28/2025 15:05,Marc Weighing,Khorda,KHORDHA,Odisha,11534.5,SAFEXPRESS,Scheduled
48,1.00E+11,3/28/2025 19:37,5,59,DHL/24-25/16409,3/28/2025 9:51,MAA TARINI ELECTRONIC WEIGHING MACHINES,GUNPUR,RAYAGADA,Odisha,24101.5,SAFEXPRESS,Scheduled
49,1.00E+11,3/28/2025 19:37,5,41.5,DHL/24-25/16409,3/28/2025 9:51,MAA TARINI ELECTRONIC WEIGHING MACHINES,GUNPUR,RAYAGADA,Odisha,17493.5,SAFEXPRESS,Scheduled
50,1.00E+11,3/28/2025 19:37,5,42.5,DHL/24-25/16409,3/28/2025 9:51,MAA TARINI ELECTRONIC WEIGHING MACHINES,GUNPUR,RAYAGADA,Odisha,17847.5,SAFEXPRESS,Scheduled
51,1.00E+11,3/28/2025 19:37,10,46,DHL/24-25/16469,3/28/2025 15:00,MAA TARINI ELECTRONIC WEIGHING MACHINES,GUNPUR,RAYAGADA,Odisha,31919,SAFEXPRESS,Scheduled
52,1000 2271 0072,3/28/2025 19:36,4,27.6,DHL/24-25/16404,3/28/2025 9:42,BINAYAK ENTERPRISES,BOUDH,BOUDH,Odisha,41536,SAFEXPRESS,Scheduled
53,1000 2271 9804,3/28/2025 19:36,1,2,DHL/24-25/16484,3/28/2025 15:34,SOMYA SYSTEM,GWALIOR,GWALIOR,Madhya Pradesh,21122,SAFEXPRESS,All others ODA
54,1.00E+11,3/28/2025 19:36,3,24.3,DHL/24-25/16414,3/28/2025 9:55,ODISHA SALES CORPORATION,SAMBALPUR,SAMBALPUR,Odisha,10195.2,SAFEXPRESS,Scheduled
55,1.00E+11,3/28/2025 19:36,8,92.8,DHL/24-25/16417,3/28/2025 9:59,ODISHA SALES CORPORATION,SAMBALPUR,SAMBALPUR,Odisha,37193.6,SAFEXPRESS,Scheduled
56,1.00E+11,3/28/2025 19:36,3,35.4,DHL/24-25/16417,3/28/2025 9:59,ODISHA SALES CORPORATION,SAMBALPUR,SAMBALPUR,Odisha,13947.6,SAFEXPRESS,Scheduled
57,1.00E+11,3/28/2025 19:36,3,24,DHL/24-25/16417,3/28/2025 9:59,ODISHA SALES CORPORATION,SAMBALPUR,SAMBALPUR,Odisha,10584.6,SAFEXPRESS,Scheduled
58,1.00E+11,3/28/2025 19:36,1,11.7,DHL/24-25/16435,3/28/2025 12:19,ODISHA SALES CORPORATION,SAMBALPUR,SAMBALPUR,Odisha,4720,SAFEXPRESS,Scheduled
59,1000 2271 9385,3/28/2025 19:35,2,23.4,DHL/24-25/16407,3/28/2025 9:47,Maa Narmada Enterprises,JABALPUR,JABALPUR,Madhya Pradesh,9923.8,SAFEXPRESS,All others ODA
60,1000 2271 9201,3/28/2025 19:34,10,18,DHL/24-25/16443,3/28/2025 13:55,Desire Electro,TEZPUR,SONITPUR,Assam,16874,SAFEXPRESS,Scheduled
61,158076689,3/28/2025 19:32,2,90.9,DHL/24-25/16410,3/28/2025 9:51,"OM ENTERPRISES.,",NASHIK,NASHIK,MAHARASHTRA,23688.5,GATI,Scheduled
62,158076665,3/28/2025 19:31,3,54,DHL/24-25/16437,3/28/2025 12:33,MALPANI HARDWARE STORES,LAKHIMPUR,LAKHIMPUR,Assam,18071.7,GATI,All others ODA
63,158076665,3/28/2025 19:31,2,26.1,DHL/24-25/16437,3/28/2025 12:33,MALPANI HARDWARE STORES,LAKHIMPUR,LAKHIMPUR,Assam,10395.8,GATI,All others ODA
64,158076498,3/28/2025 19:31,10,18,DHL/24-25/16440,3/28/2025 13:49,Raigarh,Raigarh,Raigarh,Chhattisgarh,8555,GATI,Scheduled
65,158076498,3/28/2025 19:31,10,17,DHL/24-25/16440,3/28/2025 13:49,Raigarh,Raigarh,Raigarh,Chhattisgarh,8850,GATI,Scheduled
66,158076481,3/28/2025 19:30,6,37.2,DHL/24-25/16473,3/28/2025 15:04,MALPANI HARDWARE STORES,LAKHIMPUR,LAKHIMPUR,Assam,22833,GATI,All others ODA
67,158076474,3/28/2025 19:28,3,6.9,DHL/24-25/16385,3/27/2025 10:18,ANAND TRADING COMPANY,SARAIPALI,MAHASAMUND,Chhattisgarh,6619.8,GATI,Scheduled
68,158076474,3/28/2025 19:28,7,16.1,DHL/24-25/16465,3/28/2025 14:50,ANAND TRADING COMPANY,SARAIPALI,MAHASAMUND,Chhattisgarh,15446.2,GATI,Scheduled
69,158076658,3/28/2025 19:27,2,10,DHL/24-25/16376,3/27/2025 9:55,"Shree Enterprises,(Beed)",BEED,BEED,MAHARASHTRA,5274.6,GATI,Scheduled
70,158076658,3/28/2025 19:27,2,55.5,DHL/24-25/16399,3/27/2025 16:47,"Shree Enterprises,(Beed)",BEED,BEED,MAHARASHTRA,24266.7,GATI,Scheduled
71,158076672,3/28/2025 19:26,7,56.7,DHL/24-25/16416,3/28/2025 9:57,NITIRAJ SALES,SAGAR,SAGAR,Madhya Pradesh,25895.1,GATI,All others ODA
72,158076672,3/28/2025 19:26,10,18,DHL/24-25/16442,3/28/2025 13:53,NITIRAJ SALES,SAGAR,SAGAR,Madhya Pradesh,16520,GATI,All others ODA
73,158076696,3/28/2025 19:24,5,40.5,DHL/24-25/16413,3/28/2025 9:54,KEONJHAR TELEMATICS,KEONJHAR,KEONJHAR,Odisha,16992,GATI,All others ODA
74,158076696,3/28/2025 19:24,16,92,DHL/24-25/16428,3/28/2025 12:09,KEONJHAR TELEMATICS,KEONJHAR,KEONJHAR,Odisha,35494.4,GATI,All others ODA
75,158076696,3/28/2025 19:24,10,45,DHL/24-25/16481,3/28/2025 15:17,KEONJHAR TELEMATICS,KEONJHAR,KEONJHAR,Odisha,26904,GATI,All others ODA
76,275309382,3/28/2025 19:23,1,17.7,DHL/24-25/16432,3/28/2025 12:14,SHREE GAYATRI INSTRUMENT,SEONI,SEONI,Madhya Pradesh,4779,DELHIVERY,All others ODA
77,275309002,3/28/2025 19:21,1,8.2,DHL/24-25/16411,3/28/2025 9:53,Sanvik Toll Kanta,MANDLA,MANDLA,Madhya Pradesh,3734.7,DELHIVERY,All others ODA
78,275309002,3/28/2025 19:21,1,8.1,DHL/24-25/16411,3/28/2025 9:53,Sanvik Toll Kanta,MANDLA,MANDLA,Madhya Pradesh,3970.7,DELHIVERY,All others ODA
79,275309002,3/28/2025 19:21,1,11.6,DHL/24-25/16434,3/28/2025 12:18,Sanvik Toll Kanta,MANDLA,MANDLA,Madhya Pradesh,4891.1,DELHIVERY,All others ODA
80,275309002,3/28/2025 19:21,1,11.7,DHL/24-25/16434,3/28/2025 12:18,Sanvik Toll Kanta,MANDLA,MANDLA,Madhya Pradesh,4891.1,DELHIVERY,All others ODA
81,275309002,3/28/2025 19:21,1,11.7,DHL/24-25/16439,3/28/2025 12:34,Sanvik Toll Kanta,MANDLA,MANDLA,Madhya Pradesh,4891.1,DELHIVERY,All others ODA
82,275309002,3/28/2025 19:21,10,17,DHL/24-25/16441,3/28/2025 13:50,Sanvik Toll Kanta,MANDLA,MANDLA,Madhya Pradesh,17110,DELHIVERY,All others ODA
83,275308772,3/28/2025 19:20,1,11.7,DHL/24-25/16408,3/28/2025 9:48,Rudra Enterprises,Pandhurna,CHHINDWARA,Madhya Pradesh,4961.9,DELHIVERY,All others ODA
84,275308772,3/28/2025 19:20,3,24.3,DHL/24-25/16415,3/28/2025 9:56,Rudra Enterprises,Pandhurna,CHHINDWARA,Madhya Pradesh,11416.5,DELHIVERY,All others ODA
90,275272695,3/27/2025 18:17,2,32.8,DHL/24-25/16402,3/27/2025 17:19,EAGLE DIGITAL SCALES,COIMBATORE,COIMBATORE,Tamil Nadu,11210,DELHIVERY,All others ODA
91,275272695,3/27/2025 18:17,3,46.1,DHL/24-25/16402,3/27/2025 17:19,EAGLE DIGITAL SCALES,COIMBATORE,COIMBATORE,Tamil Nadu,26951.2,DELHIVERY,All others ODA
92,275269332,3/27/2025 18:13,2,9.2,DHL/24-25/16316,3/25/2025 12:39,TECHNOBUD ELECTRONICS,MADHA,SOLAPUR,MAHARASHTRA,6313,DELHIVERY,All others ODA
93,275269332,3/27/2025 18:13,2,4.4,DHL/24-25/16316,3/25/2025 12:39,TECHNOBUD ELECTRONICS,MADHA,SOLAPUR,MAHARASHTRA,4731.8,DELHIVERY,All others ODA
94,275269332,3/27/2025 18:12,10,22,DHL/24-25/16383,3/27/2025 10:14,NEW MAHAMAYA MARKETING,DALTANGANJ,DALTANGANJ,Jharkhand,23069,DELHIVERY,All others ODA
95,275270663,3/27/2025 18:11,1,5,DHL/24-25/16381,3/27/2025 10:10,S.S SCALE,SRIGANGANAGAR,SRIGANGANAGAR,Rajasthan,3793.7,DELHIVERY,All others ODA
96,275270663,3/27/2025 18:11,1,5,DHL/24-25/16381,3/27/2025 10:10,S.S SCALE,SRIGANGANAGAR,SRIGANGANAGAR,Rajasthan,3652.1,DELHIVERY,All others ODA
97,275270384,3/27/2025 18:10,3,6.9,DHL/24-25/16363,3/27/2025 9:26,ANANDA MARKETING,Berhampur,GANJAM,Odisha,14708.7,DELHIVERY,All others ODA
98,275271057,3/27/2025 18:05,2,5.2,DHL/24-25/16375,3/27/2025 9:53,SHREE GAYATRI INSTRUMENT,SEONI,SEONI,Madhya Pradesh,5628.6,DELHIVERY,All others ODA
99,275271057,3/27/2025 18:05,14,84.7,DHL/24-25/16393,3/27/2025 12:14,SHREE GAYATRI INSTRUMENT,SEONI,SEONI,Madhya Pradesh,33742.1,DELHIVERY,All others ODA
100,1.00E+11,3/27/2025 17:57,2,9.2,DHL/24-25/16373,3/27/2025 9:49,Durga Mata Scale Center,BHOKARDAN,JALNA,MAHARASHTRA,5723,SAFEXPRESS,All others ODA
101,1.00E+11,3/27/2025 17:57,3,13.8,DHL/24-25/16380,3/27/2025 10:07,Durga Mata Scale Center,BHOKARDAN,JALNA,MAHARASHTRA,9469.5,SAFEXPRESS,All others ODA
102,1.00E+11,3/27/2025 17:54,8,36.8,DHL/24-25/16377,3/27/2025 10:01,Sambalpur,SAMBALPUR,SAMBALPUR,Odisha,17086.4,SAFEXPRESS,Scheduled
103,1.00E+11,3/27/2025 17:54,2,11.5,DHL/24-25/16389,3/27/2025 12:11,Sambalpur,SAMBALPUR,SAMBALPUR,Odisha,3870.4,SAFEXPRESS,Scheduled
104,1.00E+11,3/27/2025 17:52,2,11.2,DHL/24-25/16392,3/27/2025 12:13,Raigarh,Raigarh,Raigarh,Chhattisgarh,5305.28,SAFEXPRESS,All others ODA
105,1.00E+11,3/27/2025 17:52,1,15.3,DHL/24-25/16365,3/27/2025 9:31,LIMRA INSTRUMENTS,VASAI(EAST),PALGHAR,MAHARASHTRA,7339.6,SAFEXPRESS,All others ODA
106,1.00E+11,3/27/2025 17:51,2,18.7,DHL/24-25/16391,3/27/2025 12:12,GANESH SCALES,BHARUCH,BHARUCH,Gujarat,7103.6,SAFEXPRESS,All others ODA
107,1.00E+11,3/27/2025 17:51,10,22,DHL/24-25/16384,3/27/2025 10:16,MANU ELECTRONIC SYSTEMS,Kanpur,Kanpur,Uttar Pradesh,23069,SAFEXPRESS,Scheduled
108,1.00E+11,3/27/2025 17:50,1,9.5,DHL/24-25/16395,3/27/2025 14:15,HUSAINBHAI ENTERPRISES,BHIWANDI,THANE,MAHARASHTRA,20001,SAFEXPRESS,All others ODA
109,1.00E+11,3/27/2025 17:49,3,56,DHL/24-25/16390,3/27/2025 12:12,BINAYAK ENTERPRISES,BOUDH,BOUDH,Odisha,17381.4,SAFEXPRESS,Scheduled
110,1.00E+11,3/27/2025 17:48,4,20,DHL/24-25/16370,3/27/2025 9:46,ALPINE DIGI SCALE SYSTEM,KOLKATA,KOLKATA,West Bengal,18573.2,SAFEXPRESS,Scheduled
111,1.00E+11,3/27/2025 17:47,10,24.5,DHL/24-25/16369,3/27/2025 9:35,CARE MEDI SYSTEMS,SECUNDERABAD,HYDERABAD,Telangana,16166,SAFEXPRESS,Ac
112,1.00E+11,3/27/2025 17:45,4,18.2,DHL/24-25/16366,3/27/2025 9:32,UNITED WEIGHING SCALES,THANE,THANE,MAHARASHTRA,8012.2,SAFEXPRESS,All others ODA
120,275269332,3/27/2025 11:16,2,16.2,DHL/24-25/16372,3/27/2025 9:48,TECHNOBUD ELECTRONICS,MADHA,SOLAPUR,MAHARASHTRA,9286.6,DELHIVERY,All others ODA
121,1.00E+11,3/27/2025 10:25,4,21.8,DHL/24-25/16242,3/24/2025 9:21,TARINI ELECTRICAL,DASAPALLA,NAYAGARH,Odisha,9263,SAFEXPRESS,Scheduled
122,1.00E+11,3/27/2025 10:23,2,48.5,DHL/24-25/16361,3/26/2025 18:01,ACEE WEIGHING SOLUTION,AHMEDABAD,AHMEDABAD,Gujarat,24650.2,SAFEXPRESS,All others ODA
123,1.00E+11,3/27/2025 10:22,2,35.3,DHL/24-25/16358,3/26/2025 16:50,AGRAWAL SCALE CO.,NAGPUR,NAGPUR,MAHARASHTRA,14195.4,SAFEXPRESS,All others ODA
124,1.00E+11,3/27/2025 10:21,2,16.2,DHL/24-25/16285,3/25/2025 9:31,Prakash Traders.,DINDORI,DINDORI,Madhya Pradesh,7398.6,SAFEXPRESS,All others ODA
125,1.00E+11,3/27/2025 10:20,23,36.8,DHL/24-25/16352,3/26/2025 15:39,Khariar Weighing Scale,KHARIAR,NUAPADA,Odisha,51958.99,SAFEXPRESS,Scheduled
126,1.00E+11,3/27/2025 10:19,10,46,DHL/24-25/16312,3/25/2025 12:28,BINAYAK ENTERPRISES,BOUDH,BOUDH,Odisha,29736,SAFEXPRESS,Scheduled
127,1.00E+11,3/27/2025 10:19,30,54,DHL/24-25/16312,3/25/2025 12:28,BINAYAK ENTERPRISES,BOUDH,BOUDH,Odisha,49560,SAFEXPRESS,Scheduled
128,1.00E+11,3/27/2025 10:18,50,590,DHL/24-25/16360,3/26/2025 17:11,Marc Weighing,Khorda,KHORDHA,Odisha,241015,SAFEXPRESS,Scheduled
129,1.00E+11,3/27/2025 10:17,6,33.9,DHL/24-25/16346,3/26/2025 14:35,MAA NARAYANI WEIGHT AND MEASURE SERVICE,PHULBANI,KANDHAMAL,Odisha,13611.3,SAFEXPRESS,Scheduled
130,1.00E+11,3/27/2025 10:17,6,70.2,DHL/24-25/16346,3/26/2025 14:35,MAA NARAYANI WEIGHT AND MEASURE SERVICE,PHULBANI,KANDHAMAL,Odisha,28921.8,SAFEXPRESS,Scheduled
131,1.00E+11,3/27/2025 10:17,6,49.2,DHL/24-25/16346,3/26/2025 14:35,MAA NARAYANI WEIGHT AND MEASURE SERVICE,PHULBANI,KANDHAMAL,Odisha,22868.4,SAFEXPRESS,Scheduled
132,1.00E+11,3/27/2025 10:17,4,23.2,DHL/24-25/16346,3/26/2025 14:35,MAA NARAYANI WEIGHT AND MEASURE SERVICE,PHULBANI,KANDHAMAL,Odisha,11564,SAFEXPRESS,Scheduled
135,1.00E+11,3/27/2025 10:14,1,32.3,DHL/24-25/16343,3/26/2025 14:25,Sambalpur,SAMBALPUR,SAMBALPUR,Odisha,6950.2,SAFEXPRESS,Scheduled
136,1.00E+11,3/27/2025 10:14,1,29.8,DHL/24-25/16345,3/26/2025 14:29,Sambalpur,SAMBALPUR,SAMBALPUR,Odisha,6844,SAFEXPRESS,Scheduled
137,1.00E+11,3/27/2025 10:14,1,18,DHL/24-25/16345,3/26/2025 14:29,Sambalpur,SAMBALPUR,SAMBALPUR,Odisha,4885.2,SAFEXPRESS,Scheduled
138,1.00E+11,3/27/2025 10:14,2,31,DHL/24-25/16345,3/26/2025 14:29,Sambalpur,SAMBALPUR,SAMBALPUR,Odisha,9416.4,SAFEXPRESS,Scheduled
140,275222151,3/26/2025 18:39,31,9.3,DHL/24-25/16317,3/25/2025 12:50,A TO Z ENGINEERING,KALAMB,YAVATMAL,MAHARASHTRA,47789.95,DELHIVERY,All others ODA
141,158076535,3/26/2025 18:38,2,4.6,DHL/24-25/16257,3/24/2025 9:57,Mohit Electronics,BARIPADA,MAYURBHANJ,Odisha,4531.2,GATI,All others ODA
142,158076535,3/26/2025 18:38,2,3.2,DHL/24-25/16353,3/26/2025 15:39,Mohit Electronics,BARIPADA,MAYURBHANJ,Odisha,4578.4,GATI,All others ODA
143,158076634,3/26/2025 18:35,2,52.3,DHL/24-25/16297,3/25/2025 11:47,Sagar scales sales and services,Partur,JALNA,MAHARASHTRA,14006.6,GATI,Scheduled
144,158076641,3/26/2025 18:34,1,2.4,DHL/24-25/16305,3/25/2025 12:07,SAMARTH ENTERPRISES,LATUR,LATUR,MAHARASHTRA,6000.3,GATI,Scheduled
145,158076641,3/26/2025 18:34,2,10,DHL/24-25/16305,3/25/2025 12:07,SAMARTH ENTERPRISES,LATUR,LATUR,MAHARASHTRA,8224.6,GATI,Scheduled
146,158076542,3/26/2025 18:32,2,3.2,DHL/24-25/16354,3/26/2025 15:40,Berhampur,Berhampur,GANJAM,Odisha,3681.6,GATI,All others ODA
147,158076504,3/26/2025 18:31,1,15.4,DHL/24-25/16309,3/25/2025 12:12,VEERBHADRA SALES CORPORATION,NANDED,NANDED,MAHARASHTRA,7652.3,GATI,Scheduled
148,158076511,3/26/2025 18:31,2,11.3,DHL/24-25/16302,3/25/2025 12:01,RENUKA ELECTRONICS,PUNE,PUNE,MAHARASHTRA,10643.6,GATI,Scheduled
149,158076528,3/26/2025 18:30,2,23.2,DHL/24-25/16342,3/26/2025 14:24,Raigarh,Raigarh,Raigarh,Chhattisgarh,7271.16,GATI,Scheduled
150,275229204,3/26/2025 18:29,10,18,DHL/24-25/16313,3/25/2025 12:35,SHUBHAM SALES & SERVICE,PANVEL,RAIGAD,MAHARASHTRA,16756,DELHIVERY,All others ODA
151,275228119,3/26/2025 18:29,4,69.6,DHL/24-25/16344,3/26/2025 14:26,HOME CHOICE INTERIOR MART,ASHOKNAGAR,ASHOKNAGAR - 473335,Madhya Pradesh,19210.4,DELHIVERY,All others ODA
152,275228584,3/26/2025 18:28,1,18.2,DHL/24-25/16341,3/26/2025 14:22,NITIRAJ ENTERPRISES.,NIZAMABAD,NIZAMABAD,Telangana,6088.8,DELHIVERY,All others ODA
153,275228924,3/26/2025 18:27,2,32.8,DHL/24-25/16348,3/26/2025 14:38,OM ELECTRONICS,Lalsot,DAUSA,Rajasthan,11552.2,DELHIVERY,All others ODA
164,1.00E+11,3/26/2025 10:24,6,146.4,DHL/24-25/16357,3/26/2025 16:28,SWASTIK SYSTEMS & SERVICES,East Delhi,East Delhi,DELHI,46940.4,SAFEXPRESS,All others ODA
165,1.00E+11,3/25/2025 18:45,2,13,DHL/24-25/16286,3/25/2025 9:33,Sambalpur,SAMBALPUR,SAMBALPUR,Odisha,3398.4,SAFEXPRESS,Scheduled
166,1.00E+11,3/25/2025 18:45,2,16.2,DHL/24-25/16286,3/25/2025 9:33,Sambalpur,SAMBALPUR,SAMBALPUR,Odisha,4248,SAFEXPRESS,Scheduled
167,1.00E+11,3/25/2025 18:45,1,8,DHL/24-25/16286,3/25/2025 9:33,Sambalpur,SAMBALPUR,SAMBALPUR,Odisha,2519.3,SAFEXPRESS,Scheduled
168,1.00E+11,3/25/2025 18:45,5,59,DHL/24-25/16293,3/25/2025 10:41,Sambalpur,SAMBALPUR,SAMBALPUR,Odisha,18177.9,SAFEXPRESS,Scheduled
169,1.00E+11,3/25/2025 18:42,2,2.7,DHL/24-25/15817,3/13/2025 9:45,Bhagya Enterprises,KENDRAPARA,KENDRAPARA,Odisha,2519.3,SAFEXPRESS,Scheduled
170,1.00E+11,3/25/2025 18:42,2,3.2,DHL/24-25/16029,3/19/2025 9:18,Bhagya Enterprises,KENDRAPARA,KENDRAPARA,Odisha,4578.4,SAFEXPRESS,Scheduled
171,1.00E+11,3/25/2025 18:42,1,2.5,DHL/24-25/16062,3/19/2025 10:07,Bhagya Enterprises,KENDRAPARA,KENDRAPARA,Odisha,5528.3,SAFEXPRESS,Scheduled
172,1.00E+11,3/25/2025 18:42,1,2.4,DHL/24-25/16244,3/24/2025 9:32,Bhagya Enterprises,KENDRAPARA,KENDRAPARA,Odisha,6177.3,SAFEXPRESS,Scheduled
173,1.00E+11,3/25/2025 18:41,1,15.4,DHL/24-25/16291,3/25/2025 10:38,ALPINE DIGI SCALE SYSTEM,KOLKATA,KOLKATA,West Bengal,5852.8,SAFEXPRESS,Scheduled
174,1.00E+11,3/25/2025 18:41,1,20.1,DHL/24-25/16291,3/25/2025 10:38,ALPINE DIGI SCALE SYSTEM,KOLKATA,KOLKATA,West Bengal,6897.1,SAFEXPRESS,Scheduled
175,1.00E+11,3/25/2025 18:39,1,15.4,DHL/24-25/16243,3/24/2025 9:23,PARTHENDU SAHA,TINSUKIA,TINSUKIA,Assam,5776.1,SAFEXPRESS,Scheduled
176,1.00E+11,3/25/2025 18:38,4,20.4,DHL/24-25/16330,3/25/2025 17:21,RIDHI SIDHI ENGINEERING,KOTA,KOTA,Rajasthan,28178.4,SAFEXPRESS,Scheduled
177,1.00E+11,3/25/2025 18:38,3,97.5,DHL/24-25/16331,3/25/2025 17:46,RIDHI SIDHI ENGINEERING,KOTA,KOTA,Rajasthan,40055.1,SAFEXPRESS,Scheduled
178,1.00E+11,3/25/2025 18:38,3,97.5,DHL/24-25/16331,3/25/2025 17:46,RIDHI SIDHI ENGINEERING,KOTA,KOTA,Rajasthan,34745.1,SAFEXPRESS,Scheduled
179,1.00E+11,3/25/2025 18:36,3,13.8,DHL/24-25/16247,3/24/2025 9:35,EAGLE DIGITAL SCALES,COIMBATORE,COIMBATORE,Tamil Nadu,9274.8,SAFEXPRESS,Scheduled
180,1.00E+11,3/25/2025 18:36,2,48.5,DHL/24-25/16319,3/25/2025 14:31,EAGLE DIGITAL SCALES,COIMBATORE,COIMBATORE,Tamil Nadu,30149,SAFEXPRESS,Scheduled
181,1.00E+11,3/25/2025 18:34,2,10.8,DHL/24-25/16315,3/25/2025 12:37,Sambalpur,SAMBALPUR,SAMBALPUR,Odisha,5121.2,SAFEXPRESS,Scheduled
182,1.00E+11,3/25/2025 18:34,5,11.5,DHL/24-25/16315,3/25/2025 12:37,Sambalpur,SAMBALPUR,SAMBALPUR,Odisha,7788,SAFEXPRESS,Scheduled
183,1.00E+11,3/25/2025 18:33,1,21.4,DHL/24-25/16289,3/25/2025 10:36,NATRAJ ENTERPRISES,Hyderabad,HYDERABAD,Telangana,6779.1,SAFEXPRESS,Ac
184,1.00E+11,3/25/2025 18:32,2,90.9,DHL/24-25/16328,3/25/2025 17:09,Bilaspur,Bilaspur,Bilaspur,Chhattisgarh,15741.2,SAFEXPRESS,All others ODA
185,158076610,3/25/2025 18:31,20,109,DHL/24-25/16241,3/24/2025 9:20,PHOENIX INDUSTRIAL SERVICE,ANGUL,ANGUL,Odisha,40415,GATI,All others ODA
186,158076740,3/25/2025 18:30,52,127.4,DHL/24-25/16287,3/25/2025 10:04,SNEHA,SANTACRUZ(W),MUMBAI,MAHARASHTRA,124867.6,GATI,Scheduled
187,158076719,3/25/2025 18:29,2,54.6,DHL/24-25/16284,3/25/2025 9:30,Bilaspur,Bilaspur,Bilaspur,Chhattisgarh,12012.4,GATI,Scheduled
188,158076726,3/25/2025 18:27,3,47.4,DHL/24-25/16292,3/25/2025 10:40,Raigarh,Raigarh,Raigarh,Chhattisgarh,15646.8,GATI,Scheduled
189,158076726,3/25/2025 18:27,2,62,DHL/24-25/16292,3/25/2025 10:40,Raigarh,Raigarh,Raigarh,Chhattisgarh,13994.8,GATI,Scheduled
190,158076726,3/25/2025 18:27,1,11.6,DHL/24-25/16292,3/25/2025 10:40,Raigarh,Raigarh,Raigarh,Chhattisgarh,3635.58,GATI,Scheduled
191,158076733,3/25/2025 18:26,2,37.4,DHL/24-25/16282,3/25/2025 9:27,NITIRAJ ENTERPRISES.,NIZAMABAD,NIZAMABAD,Telangana,12484.4,DELHIVERY,All others ODA
192,158076733,3/25/2025 18:26,2,36.4,DHL/24-25/16282,3/25/2025 9:27,NITIRAJ ENTERPRISES.,NIZAMABAD,NIZAMABAD,Telangana,12177.6,DELHIVERY,All others ODA
193,158076733,3/25/2025 18:26,5,152,DHL/24-25/16290,3/25/2025 10:37,NITIRAJ ENTERPRISES.,NIZAMABAD,NIZAMABAD,Telangana,40415,DELHIVERY,All others ODA
194,275193095,3/25/2025 18:25,1,2.4,DHL/24-25/16299,3/25/2025 11:55,Gautam Chand Kanmal Oswal,BALAGHAT,BALAGHAT,Madhya Pradesh,7640.5,DELHIVERY,All others ODA
195,275193095,3/25/2025 18:25,1,2.3,DHL/24-25/16299,3/25/2025 11:55,Gautam Chand Kanmal Oswal,BALAGHAT,BALAGHAT,Madhya Pradesh,5575.5,DELHIVERY,All others ODA
196,275193095,3/25/2025 18:25,2,4.6,DHL/24-25/16300,3/25/2025 11:59,Gautam Chand Kanmal Oswal,BALAGHAT,BALAGHAT,Madhya Pradesh,10084.28,DELHIVERY,All others ODA
197,275192698,3/25/2025 18:22,2,5,DHL/24-25/16304,3/25/2025 12:05,ANANDA MARKETING,Berhampur,GANJAM,Odisha,15564.2,DELHIVERY,All others ODA
198,275192698,3/25/2025 18:22,2,4.6,DHL/24-25/16212,3/22/2025 10:12,ANANDA MARKETING,Berhampur,GANJAM,Odisha,11127.4,DELHIVERY,All others ODA
199,275192698,3/25/2025 18:22,2,4.8,DHL/24-25/16249,3/24/2025 9:39,ANANDA MARKETING,Berhampur,GANJAM,Odisha,11363.4,DELHIVERY,All others ODA
200,275192698,3/25/2025 18:22,1,54,DHL/24-25/16283,3/25/2025 9:29,ANANDA MARKETING,Berhampur,GANJAM,Odisha,12938.7,DELHIVERY,All others ODA
201,275192698,3/25/2025 18:22,5,11.5,DHL/24-25/16301,3/25/2025 12:00,ANANDA MARKETING,Berhampur,GANJAM,Odisha,24514.5,DELHIVERY,All others ODA
207,275160498,3/24/2025 19:17,4,18,DHL/24-25/16259,3/24/2025 10:01,Malkangiri,MALKANGIRI,MALKANGIRI,Odisha,8359.12,DELHIVERY,All others ODA
208,158076757,3/24/2025 19:15,2,9.2,DHL/24-25/16201,3/22/2025 9:53,JINAL MARKETING,PALGHAR,THANE,MAHARASHTRA,5723,GATI,Scheduled
209,158076757,3/24/2025 19:15,4,11.2,DHL/24-25/16251,3/24/2025 9:41,JINAL MARKETING,PALGHAR,THANE,MAHARASHTRA,7032.8,GATI,Scheduled
210,158076818,3/24/2025 19:14,1,4.6,DHL/24-25/16184,3/22/2025 9:27,AVISHKAR SCALE CO.,MUMBAI,MUMBAI,MAHARASHTRA,3451.5,GATI,Scheduled
211,158076818,3/24/2025 19:14,1,4.6,DHL/24-25/16252,3/24/2025 9:42,AVISHKAR SCALE CO.,MUMBAI,MUMBAI,MAHARASHTRA,3215.5,GATI,Scheduled
212,158076801,3/24/2025 19:13,3,29.3,DHL/24-25/16245,3/24/2025 9:32,VEERBHADRA SALES CORPORATION,NANDED,NANDED,MAHARASHTRA,9764.5,GATI,Scheduled
213,158076801,3/24/2025 19:13,1,18,DHL/24-25/16260,3/24/2025 10:02,VEERBHADRA SALES CORPORATION,NANDED,NANDED,MAHARASHTRA,6389.7,GATI,Scheduled
214,158076801,3/24/2025 19:13,2,50,DHL/24-25/16260,3/24/2025 10:02,VEERBHADRA SALES CORPORATION,NANDED,NANDED,MAHARASHTRA,17216.2,GATI,Scheduled
215,158076771,3/24/2025 19:10,6,48.6,DHL/24-25/16271,3/24/2025 15:35,PATNESWARI ENTERPRIES,Balangir,BALANGIR,Odisha,21594,GATI,All others ODA
216,158076788,3/24/2025 19:10,10,81,DHL/24-25/16277,3/24/2025 16:38,Soura Senapati,RAYAGADA,RAYAGADA,Odisha,37642,GATI,All others ODA
217,158076795,3/24/2025 19:10,5,34.5,DHL/24-25/16267,3/24/2025 15:29,Pioneer Instrument and Automation (CCM),BHUBANESHWAR,KHORDHA,Odisha,50445,GATI,All others ODA
218,158076825,3/24/2025 19:09,1,5.5,DHL/24-25/16246,3/24/2025 9:33,AL-NOOR ELECTRONICS,BHIWANDI,THANE,MAHARASHTRA,3793.7,GATI,Scheduled
219,158076832,3/24/2025 19:08,1,5.5,DHL/24-25/16254,3/24/2025 9:48,S S Enterprises,Kuakhai,JAJPUR,Odisha,3640.3,GATI,All others ODA
220,158076849,3/24/2025 19:07,3,14.4,DHL/24-25/16258,3/24/2025 10:00,Berhampur,Berhampur,GANJAM,Odisha,7150.8,GATI,All others ODA
221,158076849,3/24/2025 19:07,5,23,DHL/24-25/16258,3/24/2025 10:00,Berhampur,Berhampur,GANJAM,Odisha,11328,GATI,All others ODA
222,158076764,3/24/2025 19:06,1,74.5,DHL/24-25/16266,3/24/2025 15:28,Munna Digital Scales,Proodatur,Kadappa(Y.S.R),Andhra Pradesh,22455.4,GATI,All others ODA
224,1.00E+11,3/24/2025 10:24,7,48.3,DHL/24-25/16269,3/24/2025 15:32,BINAYAK ENTERPRISES,BOUDH,BOUDH,Odisha,72688,SAFEXPRESS,Scheduled
225,1.00E+11,3/24/2025 10:24,5,41.5,DHL/24-25/16270,3/24/2025 15:33,BINAYAK ENTERPRISES,BOUDH,BOUDH,Odisha,18113,SAFEXPRESS,Scheduled
226,1.00E+11,3/24/2025 10:24,10,118,DHL/24-25/16275,3/24/2025 16:37,BINAYAK ENTERPRISES,BOUDH,BOUDH,Odisha,46492,SAFEXPRESS,Scheduled
227,1.00E+11,3/24/2025 10:24,10,58,DHL/24-25/16275,3/24/2025 16:37,BINAYAK ENTERPRISES,BOUDH,BOUDH,Odisha,30090,SAFEXPRESS,Scheduled
228,1.00E+11,3/24/2025 10:22,1,2.4,DHL/24-25/16248,3/24/2025 9:37,Cuttack,CUTTACK,CUTTACK,Odisha,3293.38,SAFEXPRESS,Scheduled
229,1.00E+11,3/24/2025 10:22,2,4.6,DHL/24-25/16250,3/24/2025 9:40,Cuttack,CUTTACK,CUTTACK,Odisha,4290.48,SAFEXPRESS,Scheduled
232,1.00E+11,3/24/2025 10:20,3,20.7,DHL/24-25/16268,3/24/2025 15:30,Sambalpur,SAMBALPUR,SAMBALPUR,Odisha,22833,SAFEXPRESS,Scheduled
233,1.00E+11,3/24/2025 10:20,5,41,DHL/24-25/16272,3/24/2025 15:36,Sambalpur,SAMBALPUR,SAMBALPUR,Odisha,13334,SAFEXPRESS,Scheduled
234,1.00E+11,3/24/2025 10:17,25,612.5,DHL/24-25/16262,3/24/2025 14:27,Bilaspur,Bilaspur,Bilaspur,Chhattisgarh,143960,SAFEXPRESS,All others ODA
235,1.00E+11,3/24/2025 10:16,3,20.4,DHL/24-25/16261,3/24/2025 10:04,ALPINE DIGI SCALE SYSTEM,KOLKATA,KOLKATA,West Bengal,11381.1,SAFEXPRESS,Scheduled
236,1.00E+11,3/24/2025 10:16,2,10,DHL/24-25/16261,3/24/2025 10:04,ALPINE DIGI SCALE SYSTEM,KOLKATA,KOLKATA,West Bengal,5038.6,SAFEXPRESS,Scheduled
237,10002256,3/24/2025 10:14,1,21.3,DHL/24-25/16221,3/22/2025 15:20,NATRAJ ENTERPRISES,Hyderabad,HYDERABAD,Telangana,7003.3,SAFEXPRESS,Ac
238,275116378,3/22/2025 18:44,1,2.3,DHL/24-25/16190,3/22/2025 9:38,Gautam Chand Kanmal Oswal,BALAGHAT,BALAGHAT,Madhya Pradesh,7357.3,DELHIVERY,All others ODA
239,275116378,3/22/2025 18:44,1,2.3,DHL/24-25/16190,3/22/2025 9:38,Gautam Chand Kanmal Oswal,BALAGHAT,BALAGHAT,Madhya Pradesh,5575.5,DELHIVERY,All others ODA
240,275116378,3/22/2025 18:44,1,2.4,DHL/24-25/16190,3/22/2025 9:38,Gautam Chand Kanmal Oswal,BALAGHAT,BALAGHAT,Madhya Pradesh,5858.7,DELHIVERY,All others ODA
241,275116378,3/22/2025 18:44,2,4.8,DHL/24-25/16190,3/22/2025 9:38,Gautam Chand Kanmal Oswal,BALAGHAT,BALAGHAT,Madhya Pradesh,8413.4,DELHIVERY,All others ODA
242,275115971,3/22/2025 18:44,2,3,DHL/24-25/16235,3/22/2025 15:38,Malkangiri,MALKANGIRI,MALKANGIRI,Odisha,3776,DELHIVERY,All others ODA
243,275115971,3/22/2025 18:44,10,117,DHL/24-25/16235,3/22/2025 15:38,Malkangiri,MALKANGIRI,MALKANGIRI,Odisha,36580,DELHIVERY,All others ODA
244,275116250,3/22/2025 18:43,12,72,DHL/24-25/16238,3/22/2025 15:41,Prakash Traders.,DINDORI,DINDORI,Madhya Pradesh,24673.8,DELHIVERY,All others ODA
245,275116250,3/22/2025 18:43,7,81.9,DHL/24-25/16238,3/22/2025 15:41,Prakash Traders.,DINDORI,DINDORI,Madhya Pradesh,33742.1,DELHIVERY,All others ODA
246,77655244,3/22/2025 18:42,2,9.2,DHL/24-25/16197,3/22/2025 9:46,TARINI ELECTRICAL,DASAPALLA,NAYAGARH,Odisha,6147.8,TCI,Scheduled
247,77655244,3/22/2025 18:42,10,18,DHL/24-25/16210,3/22/2025 10:07,TARINI ELECTRICAL,DASAPALLA,NAYAGARH,Odisha,16520,TCI,Scheduled
248,77655244,3/22/2025 18:42,4,22.6,DHL/24-25/16230,3/22/2025 15:32,TARINI ELECTRICAL,DASAPALLA,NAYAGARH,Odisha,9074.2,TCI,Scheduled
249,275115756,3/22/2025 18:40,3,13.5,DHL/24-25/16199,3/22/2025 9:49,MAA ENTERPRISES,PADAMPUR,BARGARH,Odisha,9345.6,DELHIVERY,All others ODA
250,275115756,3/22/2025 18:40,2,5.4,DHL/24-25/16199,3/22/2025 9:49,MAA ENTERPRISES,PADAMPUR,BARGARH,Odisha,4696.4,DELHIVERY,All others ODA
251,275115756,3/22/2025 18:40,1,16.1,DHL/24-25/16219,3/22/2025 15:18,MAA ENTERPRISES,PADAMPUR,BARGARH,Odisha,5864.6,DELHIVERY,All others ODA
252,77655233,3/22/2025 18:38,1,6.9,DHL/24-25/16231,3/22/2025 15:33,Berhampur,Berhampur,GANJAM,Odisha,7611,TCI,Scheduled
253,77655233,3/22/2025 18:38,3,25.5,DHL/24-25/16234,3/22/2025 15:36,Berhampur,Berhampur,GANJAM,Odisha,6938.4,TCI,Scheduled
254,77655233,3/22/2025 18:38,3,24.3,DHL/24-25/16234,3/22/2025 15:36,Berhampur,Berhampur,GANJAM,Odisha,8673,TCI,Scheduled
255,77655196,3/22/2025 18:34,20,113,DHL/24-25/16229,3/22/2025 15:31,PHOENIX INDUSTRIAL SERVICE,ANGUL,ANGUL,Odisha,45371,TCI,Scheduled
256,77655200,3/22/2025 18:34,10,46,DHL/24-25/16195,3/22/2025 9:44,PHOENIX INDUSTRIAL SERVICE,ANGUL,ANGUL,Odisha,30739,TCI,Scheduled
257,77655211,3/22/2025 18:32,10,18,DHL/24-25/16208,3/22/2025 10:01,NATRAJ AGENCY,REWA,REWA,Madhya Pradesh,16520,TCI,Scheduled
258,77655211,3/22/2025 18:32,1,31.8,DHL/24-25/16223,3/22/2025 15:23,NATRAJ AGENCY,REWA,REWA,Madhya Pradesh,8431.1,TCI,Scheduled
259,77655211,3/22/2025 18:32,2,54.6,DHL/24-25/16223,3/22/2025 15:23,NATRAJ AGENCY,REWA,REWA,Madhya Pradesh,17115.9,TCI,Scheduled
260,77655222,3/22/2025 18:29,1,32.8,DHL/24-25/16222,3/22/2025 15:22,AVER SCALES &SYSTEMS,DELHI,DELHI,DELHI,8100.7,TCI,Scheduled
261,158076894,3/22/2025 18:28,1,8.1,DHL/24-25/16213,3/22/2025 10:13,VYANKATESH HARDWARE,Georai,BEED,MAHARASHTRA,4513.5,GATI,Scheduled
262,158076900,3/22/2025 18:27,1,53.7,DHL/24-25/16188,3/22/2025 9:31,VEERBHADRA SALES CORPORATION,NANDED,NANDED,MAHARASHTRA,14036.1,GATI,Scheduled
263,158076917,3/22/2025 18:27,2,56.2,DHL/24-25/16228,3/22/2025 15:28,SAMARTH ENTERPRISES,LATUR,LATUR,MAHARASHTRA,17729.5,GATI,Scheduled
264,158076887,3/22/2025 18:26,7,81.9,DHL/24-25/16237,3/22/2025 15:40,Raigarh,Raigarh,Raigarh,Chhattisgarh,25606,GATI,Scheduled
265,158077013,3/22/2025 18:21,1,4.8,DHL/24-25/16143,3/21/2025 9:31,Maheta Scale,JAMNAGAR,JAMNAGAR,Gujarat,3433.8,GATI,All others ODA
266,158077013,3/22/2025 18:21,1,5.5,DHL/24-25/16189,3/22/2025 9:32,Maheta Scale,JAMNAGAR,JAMNAGAR,Gujarat,3793.7,GATI,All others ODA
267,158077013,3/22/2025 18:21,1,2.4,DHL/24-25/16189,3/22/2025 9:32,Maheta Scale,JAMNAGAR,JAMNAGAR,Gujarat,4206.7,GATI,All others ODA
268,158076955,3/22/2025 18:19,2,3,DHL/24-25/16030,3/19/2025 9:19,PHOENIX INDUSTRIAL SERVICE,ANGUL,ANGUL,Odisha,4672.8,GATI,All others ODA
269,158076955,3/22/2025 18:19,1,2.5,DHL/24-25/16182,3/22/2025 9:25,PHOENIX INDUSTRIAL SERVICE,ANGUL,ANGUL,Odisha,5787.9,GATI,All others ODA
270,158076955,3/22/2025 18:19,1,2.5,DHL/24-25/16183,3/22/2025 9:26,PHOENIX INDUSTRIAL SERVICE,ANGUL,ANGUL,Odisha,7345.5,GATI,All others ODA
271,158076931,3/22/2025 18:15,2,16.6,DHL/24-25/16170,3/21/2025 15:22,S S Enterprises,Kuakhai,JAJPUR,Odisha,7209.8,GATI,All others ODA
272,158076931,3/22/2025 18:15,2,11.6,DHL/24-25/16170,3/21/2025 15:22,S S Enterprises,Kuakhai,JAJPUR,Odisha,5947.2,GATI,All others ODA
273,158076931,3/22/2025 18:15,3,24.6,DHL/24-25/16175,3/21/2025 15:41,S S Enterprises,Kuakhai,JAJPUR,Odisha,11788.2,GATI,All others ODA
274,158076931,3/22/2025 18:15,1,5,DHL/24-25/16211,3/22/2025 10:11,S S Enterprises,Kuakhai,JAJPUR,Odisha,3640.3,GATI,All others ODA
275,158076931,3/22/2025 18:15,2,5,DHL/24-25/16211,3/22/2025 10:11,S S Enterprises,Kuakhai,JAJPUR,Odisha,4448.6,GATI,All others ODA
276,158076948,3/22/2025 18:13,3,13.8,DHL/24-25/16200,3/22/2025 9:53,PATNESWARI ENTERPRIES,Balangir,BALANGIR,Odisha,8920.8,GATI,All others ODA
277,158076948,3/22/2025 18:13,2,9,DHL/24-25/16200,3/22/2025 9:53,PATNESWARI ENTERPRIES,Balangir,BALANGIR,Odisha,6230.4,GATI,All others ODA
278,158076948,3/22/2025 18:13,3,6.9,DHL/24-25/16200,3/22/2025 9:53,PATNESWARI ENTERPRIES,Balangir,BALANGIR,Odisha,6619.8,GATI,All others ODA
279,158076948,3/22/2025 18:13,2,4.4,DHL/24-25/16200,3/22/2025 9:53,PATNESWARI ENTERPRIES,Balangir,BALANGIR,Odisha,4696.4,GATI,All others ODA
280,158076948,3/22/2025 18:13,1,26,DHL/24-25/16225,3/22/2025 15:26,PATNESWARI ENTERPRIES,Balangir,BALANGIR,Odisha,7599.2,GATI,All others ODA
281,158077006,3/22/2025 18:07,1,53.3,DHL/24-25/16133,3/21/2025 9:22,"OM ENTERPRISES.,",NASHIK,NASHIK,MAHARASHTRA,13564.1,GATI,Scheduled
282,158076924,3/22/2025 18:07,9,62.1,DHL/24-25/16232,3/22/2025 15:34,Pioneer Instrument and Automation (CCM),BHUBANESHWAR,KHORDHA,Odisha,90801,GATI,All others ODA
283,158076979,3/22/2025 18:05,5,22.5,DHL/24-25/16193,3/22/2025 9:41,PHOENIX SAI ENTERPRISES,Jeypore,KORAPUT,Odisha,14160,GATI,All others ODA
285,158076962,3/22/2025 18:04,10,18,DHL/24-25/16209,3/22/2025 10:05,Jeypore,Jeypore,KORAPUT,Odisha,8555,GATI,All others ODA
286,158076986,3/22/2025 18:04,8,36.4,DHL/24-25/16226,3/22/2025 15:27,National Sales Corporation,AMBIKAPUR,SURGUJA,Chhattisgarh,14396,GATI,Scheduled
287,158076993,3/22/2025 18:03,6,30.3,DHL/24-25/16224,3/22/2025 15:25,National Sales Corporation,AMBIKAPUR,SURGUJA,Chhattisgarh,13522.8,GATI,Scheduled
288,158076993,3/22/2025 18:03,2,54.9,DHL/24-25/16224,3/22/2025 15:25,National Sales Corporation,AMBIKAPUR,SURGUJA,Chhattisgarh,17770.8,GATI,Scheduled
306,1.00E+11,3/22/2025 11:57,10,17,DHL/24-25/16216,3/22/2025 10:16,PARTHENDU SAHA,TINSUKIA,TINSUKIA,Assam,17464,SAFEXPRESS,Scheduled
308,275128769,3/22/2025 10:45,1,31.8,DHL/24-25/16220,3/22/2025 15:19,SRI MARKANDEY ENTERPRISES,KARIMNAGAR,KARIMNAGAR,Telangana,8330.8,DELHIVERY,All others ODA
309,1.00E+11,3/22/2025 10:23,2,82.3,DHL/24-25/16191,3/22/2025 9:40,RONAK TRADERS AND HARDWARE,KOTHALI,BULDHANA,MAHARASHTRA,33706.7,SAFEXPRESS,All others ODA
310,1.00E+11,3/22/2025 10:22,2,54.9,DHL/24-25/16227,3/22/2025 15:28,ANANDA MARKETING,Berhampur,GANJAM,Odisha,16549.5,SAFEXPRESS,Scheduled
311,1.00E+11,3/22/2025 10:21,2,82.3,DHL/24-25/16192,3/22/2025 9:41,BOHRAPI KRUSHI KENDRA,BORI ADGAON,BULDHANA,MAHARASHTRA,33706.7,SAFEXPRESS,All others ODA
312,1.00E+11,3/22/2025 10:18,2,10.9,DHL/24-25/16104,3/20/2025 11:19,Prayagraj Enterprises,RANCHI,RANCHI,Jharkhand,4041.5,SAFEXPRESS,Scheduled
313,1.00E+11,3/22/2025 10:16,1,5,DHL/24-25/16185,3/22/2025 9:27,A. R. ELECTRONIC,THAKURCHAK,SOUTH 24 PARGANAS,West Bengal,4466.3,SAFEXPRESS,Scheduled
314,1.00E+11,3/22/2025 10:15,2,9.2,DHL/24-25/16202,3/22/2025 9:55,Agrawal Kanta Ghar,SATNA,SATNA,Madhya Pradesh,5723,SAFEXPRESS,All others ODA
315,1.00E+11,3/22/2025 10:15,1,5,DHL/24-25/16202,3/22/2025 9:55,Agrawal Kanta Ghar,SATNA,SATNA,Madhya Pradesh,3203.7,SAFEXPRESS,All others ODA
316,1.00E+11,3/22/2025 10:14,6,70.8,DHL/24-25/16236,3/22/2025 15:39,ALPINE DIGI SCALE SYSTEM,KOLKATA,KOLKATA,West Bengal,29771.4,SAFEXPRESS,Scheduled
317,1.00E+11,3/22/2025 10:10,10,81,DHL/24-25/16233,3/22/2025 15:35,Khariar Weighing Scale,KHARIAR,NUAPADA,Odisha,33984,SAFEXPRESS,Scheduled
320,1.00E+11,3/21/2025 18:29,2,23.4,DHL/24-25/16173,3/21/2025 15:33,Agrawal Kanta Ghar,SATNA,SATNA,Madhya Pradesh,9923.8,SAFEXPRESS,All others ODA
321,1.00E+11,3/21/2025 18:29,2,16.2,DHL/24-25/16173,3/21/2025 15:33,Agrawal Kanta Ghar,SATNA,SATNA,Madhya Pradesh,7611,SAFEXPRESS,All others ODA
322,1.00E+11,3/21/2025 18:29,1,8.2,DHL/24-25/16173,3/21/2025 15:33,Agrawal Kanta Ghar,SATNA,SATNA,Madhya Pradesh,3929.4,SAFEXPRESS,All others ODA
323,1.00E+11,3/21/2025 18:29,1,5.8,DHL/24-25/16173,3/21/2025 15:33,Agrawal Kanta Ghar,SATNA,SATNA,Madhya Pradesh,2973.6,SAFEXPRESS,All others ODA
324,1.00E+11,3/21/2025 18:28,8,10.4,DHL/24-25/16174,3/21/2025 15:40,TARINI ELECTRICAL,DASAPALLA,NAYAGARH,Odisha,6136,SAFEXPRESS,Scheduled
325,1.00E+11,3/21/2025 18:28,5,58.5,DHL/24-25/16174,3/21/2025 15:40,TARINI ELECTRICAL,DASAPALLA,NAYAGARH,Odisha,24101.5,SAFEXPRESS,Scheduled
326,1.00E+11,3/21/2025 18:28,4,4.8,DHL/24-25/16174,3/21/2025 15:40,TARINI ELECTRICAL,DASAPALLA,NAYAGARH,Odisha,5664,SAFEXPRESS,Scheduled
327,1.00E+11,3/21/2025 18:28,5,41,DHL/24-25/16174,3/21/2025 15:40,TARINI ELECTRICAL,DASAPALLA,NAYAGARH,Odisha,19057,SAFEXPRESS,Scheduled
328,1.00E+11,3/21/2025 18:28,5,29,DHL/24-25/16174,3/21/2025 15:40,TARINI ELECTRICAL,DASAPALLA,NAYAGARH,Odisha,14455,SAFEXPRESS,Scheduled
329,1.00E+11,3/21/2025 18:27,2,53.1,DHL/24-25/16157,3/21/2025 14:46,MARUDHAR ENTERPRISES,JODHPUR,JODHPUR,Rajasthan,12755.8,SAFEXPRESS,Scheduled
330,1.00E+11,3/21/2025 18:26,10,18,DHL/24-25/16147,3/21/2025 9:36,Sambalpur,SAMBALPUR,SAMBALPUR,Odisha,8555,SAFEXPRESS,Scheduled
331,1.00E+11,3/21/2025 18:26,1,8.2,DHL/24-25/16039,3/19/2025 9:27,Sambalpur,SAMBALPUR,SAMBALPUR,Odisha,2666.8,SAFEXPRESS,Scheduled
332,1.00E+11,3/21/2025 18:24,1,4.9,DHL/24-25/16135,3/21/2025 9:24,SHARMA WEIGHING,UJJAIN,UJJAIN,Madhya Pradesh,3687.5,SAFEXPRESS,All others ODA
333,1.00E+11,3/21/2025 18:24,1,5.5,DHL/24-25/16135,3/21/2025 9:24,SHARMA WEIGHING,UJJAIN,UJJAIN,Madhya Pradesh,3852.7,SAFEXPRESS,All others ODA
334,1.00E+11,3/21/2025 18:24,1,2.2,DHL/24-25/16136,3/21/2025 9:25,SHARMA WEIGHING,UJJAIN,UJJAIN,Madhya Pradesh,2672.7,SAFEXPRESS,All others ODA
335,77655163,3/21/2025 18:14,4,27.6,DHL/24-25/16162,3/21/2025 14:52,Berhampur,Berhampur,GANJAM,Odisha,30444,TCI,Scheduled
336,77655152,3/21/2025 18:13,5,29,DHL/24-25/16172,3/21/2025 15:31,PHOENIX INDUSTRIAL SERVICE,ANGUL,ANGUL,Odisha,14455,TCI,Scheduled
337,158077044,3/21/2025 18:13,1,8,DHL/24-25/16180,3/21/2025 17:07,POONAM INSTRUMENTS PRIVATE LIMITED,CHHATRAPATI SAMBHAJI NAGAR,CHHATRAPATI SAMBHAJI NAGAR,MAHARASHTRA,21240,GATI,Scheduled
338,158077044,3/21/2025 18:13,2,9.5,DHL/24-25/16180,3/21/2025 17:07,POONAM INSTRUMENTS PRIVATE LIMITED,CHHATRAPATI SAMBHAJI NAGAR,CHHATRAPATI SAMBHAJI NAGAR,MAHARASHTRA,18880,GATI,Scheduled
339,158077129,3/21/2025 18:11,10,17,DHL/24-25/16141,3/21/2025 9:30,AL-NOOR ELECTRONICS,BHIWANDI,THANE,MAHARASHTRA,17110,GATI,Scheduled
340,158077150,3/21/2025 18:10,4,26,DHL/24-25/16161,3/21/2025 14:50,ANAND ENTERPRISES,PARBHANI,PARBHANI,MAHARASHTRA,24780,GATI,Scheduled
341,158077150,3/21/2025 18:10,1,6.9,DHL/24-25/16161,3/21/2025 14:50,ANAND ENTERPRISES,PARBHANI,PARBHANI,MAHARASHTRA,11304.4,GATI,Scheduled
342,158077167,3/21/2025 18:10,4,69.6,DHL/24-25/16163,3/21/2025 14:57,NITIRAJ SALES,SAGAR,SAGAR,Madhya Pradesh,18644,GATI,All others ODA
343,158077167,3/21/2025 18:10,7,83.3,DHL/24-25/16163,3/21/2025 14:57,NITIRAJ SALES,SAGAR,SAGAR,Madhya Pradesh,33742.1,GATI,All others ODA
344,158077167,3/21/2025 18:10,6,49.8,DHL/24-25/16163,3/21/2025 14:57,NITIRAJ SALES,SAGAR,SAGAR,Madhya Pradesh,15104,GATI,All others ODA
345,158077082,3/21/2025 18:09,2,50,DHL/24-25/16177,3/21/2025 15:43,PATNESWARI ENTERPRIES,Balangir,BALANGIR,Odisha,14396,GATI,All others ODA
346,158077082,3/21/2025 18:09,1,29.8,DHL/24-25/16177,3/21/2025 15:43,PATNESWARI ENTERPRIES,Balangir,BALANGIR,Odisha,7847,GATI,All others ODA
347,158077099,3/21/2025 18:08,8,149.6,DHL/24-25/16169,3/21/2025 15:20,NITIRAJ ENTERPRISES.,NIZAMABAD,NIZAMABAD,Telangana,49937.6,GATI,All others ODA
348,158077068,3/21/2025 18:08,10,151,DHL/24-25/16166,3/21/2025 15:09,Soura Senapati,RAYAGADA,RAYAGADA,Odisha,53572,GATI,All others ODA
349,158077068,3/21/2025 18:08,11,128.7,DHL/24-25/16166,3/21/2025 15:09,Soura Senapati,RAYAGADA,RAYAGADA,Odisha,55165,GATI,All others ODA
350,158077068,3/21/2025 18:08,10,81,DHL/24-25/16166,3/21/2025 15:09,Soura Senapati,RAYAGADA,RAYAGADA,Odisha,37642,GATI,All others ODA
351,158077051,3/21/2025 18:06,6,14.3,DHL/24-25/16150,3/21/2025 10:15,SNEHA,SANTACRUZ(W),MUMBAI,MAHARASHTRA,14407.8,GATI,Scheduled
352,158077075,3/21/2025 18:03,1,2.5,DHL/24-25/16139,3/21/2025 9:28,ULTIMA PLASTIC INDUSTRIES,WALUJ,CHHATRAPATI SAMBHAJI NAGAR,MAHARASHTRA,3483.36,GATI,Scheduled
353,158077075,3/21/2025 18:03,1,11.2,DHL/24-25/16140,3/21/2025 9:28,ULTIMA PLASTIC INDUSTRIES,WALUJ,CHHATRAPATI SAMBHAJI NAGAR,MAHARASHTRA,8995.14,GATI,Scheduled
354,158077143,3/21/2025 18:01,3,13.8,DHL/24-25/16149,3/21/2025 9:39,Sagar scales sales and services,Partur,JALNA,MAHARASHTRA,9168.6,GATI,Scheduled
355,158077143,3/21/2025 18:01,1,6.9,DHL/24-25/16160,3/21/2025 14:48,Sagar scales sales and services,Partur,JALNA,MAHARASHTRA,11304.4,GATI,Scheduled
356,158077136,3/21/2025 17:59,6,41.4,DHL/24-25/16158,3/21/2025 14:47,Jeypore,Jeypore,KORAPUT,Odisha,45666,GATI,All others ODA
357,158077136,3/21/2025 17:59,6,96.3,DHL/24-25/16168,3/21/2025 15:12,Jeypore,Jeypore,KORAPUT,Odisha,21594,GATI,All others ODA
358,275073794,3/21/2025 17:54,3,6.9,DHL/24-25/16146,3/21/2025 9:34,MAA ENTERPRISES,PADAMPUR,BARGARH,Odisha,6619.8,DELHIVERY,All others ODA
359,275073794,3/21/2025 17:54,2,31.8,DHL/24-25/16165,3/21/2025 15:01,MAA ENTERPRISES,PADAMPUR,BARGARH,Odisha,8330.8,DELHIVERY,All others ODA
360,275073794,3/21/2025 17:54,2,32.2,DHL/24-25/16165,3/21/2025 15:01,MAA ENTERPRISES,PADAMPUR,BARGARH,Odisha,11823.6,DELHIVERY,All others ODA
361,275070956,3/21/2025 17:52,1,8.3,DHL/24-25/16113,3/20/2025 11:29,AQUA GREEN,SRINAGAR,SRINAGAR,Jammu and Kashmir,3604.9,DELHIVERY,All others ODA
362,275070956,3/21/2025 17:52,10,18,DHL/24-25/16148,3/21/2025 9:38,AQUA GREEN,SRINAGAR,SRINAGAR,Jammu and Kashmir,16520,DELHIVERY,All others ODA
363,275071494,3/21/2025 17:51,1,18.7,DHL/24-25/16106,3/20/2025 11:23,Dhakar Electronics Kanta,BARELI,RAISEN,Madhya Pradesh,4920.6,DELHIVERY,All others ODA
364,275071494,3/21/2025 17:51,3,24.3,DHL/24-25/16118,3/20/2025 12:58,Dhakar Electronics Kanta,BARELI,RAISEN,Madhya Pradesh,11416.5,DELHIVERY,All others ODA
365,275071859,3/21/2025 17:47,15,127.5,DHL/24-25/16171,3/21/2025 15:28,ANANDA MARKETING,Berhampur,GANJAM,Odisha,53542.5,DELHIVERY,All others ODA
366,275071859,3/21/2025 17:47,2,16.4,DHL/24-25/16171,3/21/2025 15:28,ANANDA MARKETING,Berhampur,GANJAM,Odisha,7622.8,DELHIVERY,All others ODA
367,275071859,3/21/2025 17:47,5,29,DHL/24-25/16171,3/21/2025 15:28,ANANDA MARKETING,Berhampur,GANJAM,Odisha,14455,DELHIVERY,All others ODA
368,77655164,3/21/2025 11:02,1,30,DHL/24-25/15906,3/15/2025 15:02,Berhampur,Berhampur,GANJAM,Odisha,5569.6,TCI,Scheduled
373,1.00E+11,3/21/2025 10:13,1,53.5,DHL/24-25/16101,3/20/2025 11:15,RIDHI SIDHI ENGINEERING,KOTA,KOTA,Rajasthan,13387.1,SAFEXPRESS,Scheduled
374,1.00E+11,3/21/2025 10:11,1,4.1,DHL/24-25/15979,3/17/2025 16:13,DMD WINTECHNOLOGY AND TRADING CORPORATION,SanPedro,SanPedro,Laguna,4712.79,SAFEXPRESS,NA
375,1.00E+11,3/21/2025 10:11,1,2.3,DHL/24-25/15979,3/17/2025 16:13,DMD WINTECHNOLOGY AND TRADING CORPORATION,SanPedro,SanPedro,Laguna,5756.79,SAFEXPRESS,NA
376,1.00E+11,3/21/2025 10:11,1,15.3,DHL/24-25/15979,3/17/2025 16:13,DMD WINTECHNOLOGY AND TRADING CORPORATION,SanPedro,SanPedro,Laguna,7409.79,SAFEXPRESS,NA
377,1.00E+11,3/21/2025 10:11,1,16.1,DHL/24-25/15979,3/17/2025 16:13,DMD WINTECHNOLOGY AND TRADING CORPORATION,SanPedro,SanPedro,Laguna,7419,SAFEXPRESS,NA
378,1.00E+11,3/21/2025 10:11,1,5.2,DHL/24-25/15979,3/17/2025 16:13,DMD WINTECHNOLOGY AND TRADING CORPORATION,SanPedro,SanPedro,Laguna,4712.79,SAFEXPRESS,NA
379,1.00E+11,3/21/2025 10:11,1,5.1,DHL/24-25/15979,3/17/2025 16:13,DMD WINTECHNOLOGY AND TRADING CORPORATION,SanPedro,SanPedro,Laguna,4364.79,SAFEXPRESS,NA
380,1.00E+11,3/21/2025 10:11,1,4.8,DHL/24-25/15979,3/17/2025 16:13,DMD WINTECHNOLOGY AND TRADING CORPORATION,SanPedro,SanPedro,Laguna,6191.79,SAFEXPRESS,NA
381,1.00E+11,3/21/2025 10:11,1,11.3,DHL/24-25/15979,3/17/2025 16:13,DMD WINTECHNOLOGY AND TRADING CORPORATION,SanPedro,SanPedro,Laguna,6452.79,SAFEXPRESS,NA
382,1.00E+11,3/21/2025 10:11,1,9.5,DHL/24-25/15979,3/17/2025 16:13,DMD WINTECHNOLOGY AND TRADING CORPORATION,SanPedro,SanPedro,Laguna,21851.79,SAFEXPRESS,NA
383,1.00E+11,3/21/2025 10:11,1,2.2,DHL/24-25/15979,3/17/2025 16:13,DMD WINTECHNOLOGY AND TRADING CORPORATION,SanPedro,SanPedro,Laguna,3364.29,SAFEXPRESS,NA
384,1.00E+11,3/21/2025 10:11,2,4.9,DHL/24-25/15979,3/17/2025 16:13,DMD WINTECHNOLOGY AND TRADING CORPORATION,SanPedro,SanPedro,Laguna,4277.79,SAFEXPRESS,NA
385,1.00E+11,3/21/2025 10:11,,0,DHL/24-25/15979,3/17/2025 16:13,DMD WINTECHNOLOGY AND TRADING CORPORATION,SanPedro,SanPedro,Laguna,6989.58,SAFEXPRESS,NA
386,1.00E+11,3/21/2025 10:11,,0,DHL/24-25/15979,3/17/2025 16:13,DMD WINTECHNOLOGY AND TRADING CORPORATION,SanPedro,SanPedro,Laguna,8787.87,SAFEXPRESS,NA
387,1.00E+11,3/21/2025 10:11,1,1.7,DHL/24-25/15979,3/17/2025 16:13,DMD WINTECHNOLOGY AND TRADING CORPORATION,SanPedro,SanPedro,Laguna,3233.79,SAFEXPRESS,NA
388,1.00E+11,3/21/2025 10:10,2,82.3,DHL/24-25/16102,3/20/2025 11:16,NEW TOL SEVA,DEWAS,DEWAS,Madhya Pradesh,24538.1,SAFEXPRESS,All others ODA
389,1.00E+11,3/21/2025 10:09,7,16.1,DHL/24-25/16131,3/20/2025 16:34,Bilaspur,Bilaspur,Bilaspur,Chhattisgarh,23582.3,SAFEXPRESS,All others ODA
390,1.00E+11,3/21/2025 10:08,5,25,DHL/24-25/16003,3/18/2025 10:24,A. R. ELECTRONIC,THAKURCHAK,SOUTH 24 PARGANAS,West Bengal,12596.5,SAFEXPRESS,Scheduled
391,1.00E+11,3/21/2025 10:08,2,97.2,DHL/24-25/16103,3/20/2025 11:16,A. R. ELECTRONIC,THAKURCHAK,SOUTH 24 PARGANAS,West Bengal,22414.1,SAFEXPRESS,Scheduled
392,1.00E+11,3/21/2025 10:05,1,4.6,DHL/24-25/15990,3/18/2025 9:49,Khariar Weighing Scale,KHARIAR,NUAPADA,Odisha,3091.6,SAFEXPRESS,Scheduled
393,1.00E+11,3/21/2025 10:05,7,57.4,DHL/24-25/16037,3/19/2025 9:26,Khariar Weighing Scale,KHARIAR,NUAPADA,Odisha,26679.8,SAFEXPRESS,Scheduled
394,1.00E+11,3/21/2025 10:05,6,9.6,DHL/24-25/16114,3/20/2025 11:29,Khariar Weighing Scale,KHARIAR,NUAPADA,Odisha,13554.52,SAFEXPRESS,Scheduled
396,158077280,3/20/2025 18:33,20,153,DHL/24-25/16130,3/20/2025 16:23,SENRYSA TECHNOLOGIES PVT LTD,KOLKATA,KOLKATA,West Bengal,60675.6,GATI,All others ODA
397,158077211,3/20/2025 18:32,52,397.8,DHL/24-25/16129,3/20/2025 16:22,SENRYSA TECHNOLOGIES PVT LTD,KOLKATA,KOLKATA,West Bengal,157756.56,GATI,All others ODA
398,158077204,3/20/2025 18:32,60,459,DHL/24-25/16128,3/20/2025 16:21,SENRYSA TECHNOLOGIES PVT LTD,KOLKATA,KOLKATA,West Bengal,182026.8,GATI,All others ODA
399,158077198,3/20/2025 18:31,8,61.2,DHL/24-25/16127,3/20/2025 16:21,SENRYSA TECHNOLOGIES PVT LTD,KOLKATA,KOLKATA,West Bengal,24270.24,GATI,All others ODA
400,158077181,3/20/2025 18:30,10,76.5,DHL/24-25/16126,3/20/2025 16:20,SENRYSA TECHNOLOGIES PVT LTD,KOLKATA,KOLKATA,West Bengal,30337.8,GATI,All others ODA
401,158077259,3/20/2025 18:29,2,23.4,DHL/24-25/16109,3/20/2025 11:26,KALINGA AGRO ENTERPRISES,BETNOTI,MAYURBHANJ,Odisha,9782.2,GATI,All others ODA
402,158077266,3/20/2025 18:28,2,13,DHL/24-25/16115,3/20/2025 11:33,NEXT STEP SALES (CCM),KOLHAPUR,KOLHAPUR,MAHARASHTRA,11835.4,GATI,Scheduled
403,158077266,3/20/2025 18:28,4,27.6,DHL/24-25/16115,3/20/2025 11:33,NEXT STEP SALES (CCM),KOLHAPUR,KOLHAPUR,MAHARASHTRA,43188,GATI,Scheduled
404,158077228,3/20/2025 18:28,3,35.7,DHL/24-25/16110,3/20/2025 11:26,NITIRAJ SALES,SAGAR,SAGAR,Madhya Pradesh,14460.9,GATI,All others ODA
405,158077242,3/20/2025 18:27,1,30.1,DHL/24-25/15868,3/13/2025 14:24,Raigarh,Raigarh,Raigarh,Chhattisgarh,7032.8,GATI,Scheduled
406,158077273,3/20/2025 18:25,1,4.8,DHL/24-25/16082,3/19/2025 10:34,Maheta Scale,JAMNAGAR,JAMNAGAR,Gujarat,3014.9,GATI,All others ODA
407,158077273,3/20/2025 18:25,2,63.8,DHL/24-25/16108,3/20/2025 11:25,Maheta Scale,JAMNAGAR,JAMNAGAR,Gujarat,16956.6,GATI,All others ODA
408,158077235,3/20/2025 18:23,4,72.8,DHL/24-25/16107,3/20/2025 11:24,Jeypore,Jeypore,KORAPUT,Odisha,21098.4,GATI,All others ODA
409,158077235,3/20/2025 18:23,3,68.4,DHL/24-25/16111,3/20/2025 11:27,Jeypore,Jeypore,KORAPUT,Odisha,15080.4,GATI,All others ODA
410,275030521,3/20/2025 18:19,1,22.8,DHL/24-25/16112,3/20/2025 11:28,Malkangiri,MALKANGIRI,MALKANGIRI,Odisha,5026.8,DELHIVERY,All others ODA
416,158077303,3/19/2025 18:54,9,105.3,DHL/24-25/16055,3/19/2025 9:58,Soura Senapati,RAYAGADA,RAYAGADA,Odisha,45135,GATI,All others ODA
417,158077396,3/19/2025 18:49,3,29.3,DHL/24-25/16064,3/19/2025 10:14,SAMARTH ENTERPRISES,LATUR,LATUR,MAHARASHTRA,9481.3,GATI,Scheduled
418,158077389,3/19/2025 18:49,1,2.4,DHL/24-25/16059,3/19/2025 10:05,Jeypore,Jeypore,KORAPUT,Odisha,2666.8,GATI,All others ODA
419,158077389,3/19/2025 18:49,1,2.5,DHL/24-25/16059,3/19/2025 10:05,Jeypore,Jeypore,KORAPUT,Odisha,2666.8,GATI,All others ODA
420,158077402,3/19/2025 18:48,4,22.6,DHL/24-25/16080,3/19/2025 10:33,VEERBHADRA SALES CORPORATION,NANDED,NANDED,MAHARASHTRA,10702.6,GATI,Scheduled
421,158077310,3/19/2025 18:45,1,2.3,DHL/24-25/15933,3/15/2025 16:52,Raigarh,Raigarh,Raigarh,Chhattisgarh,1746.4,GATI,Scheduled
422,158077310,3/19/2025 18:45,2,10,DHL/24-25/15674,3/10/2025 10:00,Raigarh,Raigarh,Raigarh,Chhattisgarh,5869.32,GATI,Scheduled
423,158077310,3/19/2025 18:45,1,4.6,DHL/24-25/15674,3/10/2025 10:00,Raigarh,Raigarh,Raigarh,Chhattisgarh,2986.58,GATI,Scheduled
424,158077327,3/19/2025 18:43,2,9.2,DHL/24-25/15925,3/15/2025 16:47,LIMRA INSTRUMENTS,VASAI(EAST),PALGHAR,MAHARASHTRA,6147.8,GATI,Scheduled
425,158077327,3/19/2025 18:43,1,5.5,DHL/24-25/15938,3/15/2025 17:14,LIMRA INSTRUMENTS,VASAI(EAST),PALGHAR,MAHARASHTRA,3687.5,GATI,Scheduled
426,158077327,3/19/2025 18:43,1,5,DHL/24-25/15993,3/18/2025 9:54,LIMRA INSTRUMENTS,VASAI(EAST),PALGHAR,MAHARASHTRA,4112.3,GATI,Scheduled
427,158077365,3/19/2025 18:41,1,16.3,DHL/24-25/15995,3/18/2025 10:08,"OM ENTERPRISES.,",NASHIK,NASHIK,MAHARASHTRA,10478.4,GATI,Scheduled
428,158077365,3/19/2025 18:41,5,33.5,DHL/24-25/16099,3/19/2025 17:41,"OM ENTERPRISES.,",NASHIK,NASHIK,MAHARASHTRA,58351,GATI,Scheduled
429,158077372,3/19/2025 18:38,4,11.2,DHL/24-25/16050,3/19/2025 9:47,KALINGA AGRO ENTERPRISES,BETNOTI,MAYURBHANJ,Odisha,4106.4,GATI,All others ODA
430,158077372,3/19/2025 18:38,2,3.2,DHL/24-25/16050,3/19/2025 9:47,KALINGA AGRO ENTERPRISES,BETNOTI,MAYURBHANJ,Odisha,4578.4,GATI,All others ODA
431,158077372,3/19/2025 18:38,1,6.5,DHL/24-25/16053,3/19/2025 9:54,KALINGA AGRO ENTERPRISES,BETNOTI,MAYURBHANJ,Odisha,6501.8,GATI,All others ODA
432,158077372,3/19/2025 18:38,2,9.2,DHL/24-25/16077,3/19/2025 10:31,KALINGA AGRO ENTERPRISES,BETNOTI,MAYURBHANJ,Odisha,6313,GATI,All others ODA
433,158077372,3/19/2025 18:38,3,6.6,DHL/24-25/16077,3/19/2025 10:31,KALINGA AGRO ENTERPRISES,BETNOTI,MAYURBHANJ,Odisha,7097.7,GATI,All others ODA
434,158077419,3/19/2025 18:36,4,4.8,DHL/24-25/15972,3/17/2025 14:38,Mohit Electronics,BARIPADA,MAYURBHANJ,Odisha,5664,GATI,All others ODA
435,158077419,3/19/2025 18:36,2,9.2,DHL/24-25/16072,3/19/2025 10:22,Mohit Electronics,BARIPADA,MAYURBHANJ,Odisha,6112.4,GATI,All others ODA
436,158077426,3/19/2025 18:35,5,11.5,DHL/24-25/16084,3/19/2025 10:40,PHOENIX SAI ENTERPRISES,Jeypore,KORAPUT,Odisha,11033,GATI,All others ODA
437,158077426,3/19/2025 18:35,10,18,DHL/24-25/16085,3/19/2025 10:48,PHOENIX SAI ENTERPRISES,Jeypore,KORAPUT,Odisha,16520,GATI,All others ODA
438,158077334,3/19/2025 18:33,2,54.6,DHL/24-25/16028,3/19/2025 9:17,Berhampur,Berhampur,GANJAM,Odisha,12154,GATI,All others ODA
439,158077334,3/19/2025 18:33,2,53.3,DHL/24-25/16028,3/19/2025 9:17,Berhampur,Berhampur,GANJAM,Odisha,11929.8,GATI,All others ODA
440,158077334,3/19/2025 18:33,1,4.6,DHL/24-25/16067,3/19/2025 10:16,Berhampur,Berhampur,GANJAM,Odisha,3186,GATI,All others ODA
441,158077341,3/19/2025 18:31,2,54.6,DHL/24-25/16027,3/19/2025 9:14,NITIRAJ SALES,SAGAR,SAGAR,Madhya Pradesh,16620.3,GATI,All others ODA
442,158077341,3/19/2025 18:31,5,93.5,DHL/24-25/16049,3/19/2025 9:45,NITIRAJ SALES,SAGAR,SAGAR,Madhya Pradesh,23895,GATI,All others ODA
443,158077341,3/19/2025 18:31,1,2.4,DHL/24-25/16058,3/19/2025 10:03,NITIRAJ SALES,SAGAR,SAGAR,Madhya Pradesh,5610.9,GATI,All others ODA
444,158077358,3/19/2025 18:29,2,54.4,DHL/24-25/16026,3/19/2025 9:13,Bilaspur,Bilaspur,Bilaspur,Chhattisgarh,12142.2,GATI,Scheduled
445,158077358,3/19/2025 18:29,5,132,DHL/24-25/16041,3/19/2025 9:33,Bilaspur,Bilaspur,Bilaspur,Chhattisgarh,28261,GATI,Scheduled
446,158077358,3/19/2025 18:29,1,1.5,DHL/24-25/16052,3/19/2025 9:54,Bilaspur,Bilaspur,Bilaspur,Chhattisgarh,1840.8,GATI,Scheduled
447,274995745,3/19/2025 18:13,2,11.6,DHL/24-25/16036,3/19/2025 9:25,Dhakar Electronics Kanta,BARELI,RAISEN,Madhya Pradesh,5947.2,DELHIVERY,All others ODA
448,274995745,3/19/2025 18:13,3,35.1,DHL/24-25/16047,3/19/2025 9:43,Dhakar Electronics Kanta,BARELI,RAISEN,Madhya Pradesh,14885.7,DELHIVERY,All others ODA
449,274995745,3/19/2025 18:13,2,37.4,DHL/24-25/16048,3/19/2025 9:44,Dhakar Electronics Kanta,BARELI,RAISEN,Madhya Pradesh,9841.2,DELHIVERY,All others ODA
450,274995745,3/19/2025 18:13,3,6.6,DHL/24-25/16081,3/19/2025 10:34,Dhakar Electronics Kanta,BARELI,RAISEN,Madhya Pradesh,7097.7,DELHIVERY,All others ODA
451,274994753,3/19/2025 18:11,3,17.4,DHL/24-25/16035,3/19/2025 9:24,Rishav Traders,JAMMU,JAMMU,Jammu and Kashmir,8920.8,DELHIVERY,All others ODA
452,274994753,3/19/2025 18:11,8,45.2,DHL/24-25/16045,3/19/2025 9:42,Rishav Traders,JAMMU,JAMMU,Jammu and Kashmir,17204.4,DELHIVERY,All others ODA
453,274993919,3/19/2025 18:09,1,4.4,DHL/24-25/15991,3/18/2025 9:52,Vaishnavi Enterprises,Ambivali,THANE,MAHARASHTRA,2932.3,DELHIVERY,All others ODA
454,274993919,3/19/2025 18:09,2,9.8,DHL/24-25/15991,3/18/2025 9:52,Vaishnavi Enterprises,Ambivali,THANE,MAHARASHTRA,7705.4,DELHIVERY,All others ODA
455,274993919,3/19/2025 18:09,1,5.5,DHL/24-25/16066,3/19/2025 10:15,Vaishnavi Enterprises,Ambivali,THANE,MAHARASHTRA,3852.7,DELHIVERY,All others ODA
456,274993648,3/19/2025 18:07,1,4.6,DHL/24-25/15917,3/15/2025 16:35,Shri Laxmi Weighing Scale,Arvi,WARDHA,MAHARASHTRA,2861.5,DELHIVERY,All others ODA
457,274993648,3/19/2025 18:07,1,4.6,DHL/24-25/15988,3/18/2025 9:47,Shri Laxmi Weighing Scale,Arvi,WARDHA,MAHARASHTRA,3156.5,DELHIVERY,All others ODA
458,274993648,3/19/2025 18:07,1,5.5,DHL/24-25/15988,3/18/2025 9:47,Shri Laxmi Weighing Scale,Arvi,WARDHA,MAHARASHTRA,3640.3,DELHIVERY,All others ODA
459,274995146,3/19/2025 18:05,2,11.6,DHL/24-25/16034,3/19/2025 9:23,LUCKY SALES CORPORATION,Ajmer,Ajmer,Rajasthan,6183.2,DELHIVERY,All others ODA
460,274994424,3/19/2025 18:04,4,23.2,DHL/24-25/16032,3/19/2025 9:21,M/S Mahalaxmi Metals,MUNIGUDA,RAYAGADA,Odisha,11564,DELHIVERY,All others ODA
461,274994165,3/19/2025 18:03,2,4.8,DHL/24-25/16060,3/19/2025 10:06,MAA LAXMI TRADING AND COMPANY,DHANBAD,DHANBAD,Jharkhand,11221.8,DELHIVERY,All others ODA
476,1.00E+11,3/19/2025 10:35,3,6.6,DHL/24-25/16005,3/18/2025 10:26,WEIGHING INDIA CORPORATION,BHOPAL,BHOPAL,Madhya Pradesh,6920.7,SAFEXPRESS,All others ODA
477,1.00E+11,3/19/2025 10:35,5,41,DHL/24-25/16038,3/19/2025 9:26,WEIGHING INDIA CORPORATION,BHOPAL,BHOPAL,Madhya Pradesh,19057,SAFEXPRESS,All others ODA
478,1.00E+11,3/19/2025 10:35,5,82,DHL/24-25/16044,3/19/2025 9:40,WEIGHING INDIA CORPORATION,BHOPAL,BHOPAL,Madhya Pradesh,28054.5,SAFEXPRESS,All others ODA
479,1.00E+11,3/19/2025 10:35,2,23.4,DHL/24-25/16046,3/19/2025 9:43,WEIGHING INDIA CORPORATION,BHOPAL,BHOPAL,Madhya Pradesh,9640.6,SAFEXPRESS,All others ODA
480,1.00E+11,3/19/2025 10:35,2,9.2,DHL/24-25/16078,3/19/2025 10:32,WEIGHING INDIA CORPORATION,BHOPAL,BHOPAL,Madhya Pradesh,5581.4,SAFEXPRESS,All others ODA
481,1.00E+11,3/19/2025 10:33,2,11.6,DHL/24-25/16033,3/19/2025 9:22,Maa Kali Enterprise,Agartala,West Tripura,Tripura,6041.6,SAFEXPRESS,All others ODA
482,1.00E+11,3/19/2025 10:33,1,5,DHL/24-25/16068,3/19/2025 10:17,Maa Kali Enterprise,Agartala,West Tripura,Tripura,4218.5,SAFEXPRESS,All others ODA
484,1.00E+11,3/19/2025 10:30,2,16.4,DHL/24-25/16040,3/19/2025 9:28,MAA ENTERPRISES,PADAMPUR,BARGARH,Odisha,7622.8,SAFEXPRESS,Scheduled
485,1.00E+11,3/19/2025 10:30,1,29.8,DHL/24-25/16051,3/19/2025 9:51,MAA ENTERPRISES,PADAMPUR,BARGARH,Odisha,7847,SAFEXPRESS,Scheduled
486,1.00E+11,3/19/2025 10:30,3,35.4,DHL/24-25/16051,3/19/2025 9:51,MAA ENTERPRISES,PADAMPUR,BARGARH,Odisha,13947.6,SAFEXPRESS,Scheduled
487,1.00E+11,3/19/2025 10:30,3,35.1,DHL/24-25/16051,3/19/2025 9:51,MAA ENTERPRISES,PADAMPUR,BARGARH,Odisha,14160,SAFEXPRESS,Scheduled
488,1.00E+11,3/19/2025 10:30,3,24.3,DHL/24-25/16051,3/19/2025 9:51,MAA ENTERPRISES,PADAMPUR,BARGARH,Odisha,10797,SAFEXPRESS,Scheduled
489,1.00E+11,3/19/2025 10:30,2,16,DHL/24-25/16051,3/19/2025 9:51,MAA ENTERPRISES,PADAMPUR,BARGARH,Odisha,7056.4,SAFEXPRESS,Scheduled
490,1.00E+11,3/19/2025 10:30,2,31,DHL/24-25/16054,3/19/2025 9:56,MAA ENTERPRISES,PADAMPUR,BARGARH,Odisha,10572.8,SAFEXPRESS,Scheduled
491,1.00E+11,3/19/2025 10:30,3,13.8,DHL/24-25/16073,3/19/2025 10:25,MAA ENTERPRISES,PADAMPUR,BARGARH,Odisha,8920.8,SAFEXPRESS,Scheduled
492,1.00E+11,3/19/2025 10:30,3,13.5,DHL/24-25/16073,3/19/2025 10:25,MAA ENTERPRISES,PADAMPUR,BARGARH,Odisha,8071.2,SAFEXPRESS,Scheduled
493,1.00E+11,3/19/2025 10:30,3,6.9,DHL/24-25/16073,3/19/2025 10:25,MAA ENTERPRISES,PADAMPUR,BARGARH,Odisha,6619.8,SAFEXPRESS,Scheduled
494,1.00E+11,3/19/2025 10:30,2,4.2,DHL/24-25/16073,3/19/2025 10:25,MAA ENTERPRISES,PADAMPUR,BARGARH,Odisha,4696.4,SAFEXPRESS,Scheduled
498,1.00E+11,3/19/2025 10:18,2,11,DHL/24-25/15842,3/13/2025 10:40,Ramnath Mattals,ALIGARH,ALIGARH,Uttar Pradesh,7587.4,SAFEXPRESS,Scheduled
499,1.00E+11,3/19/2025 10:18,1,5.5,DHL/24-25/15987,3/18/2025 9:42,Ramnath Mattals,ALIGARH,ALIGARH,Uttar Pradesh,3640.3,SAFEXPRESS,Scheduled
501,1.00E+11,3/19/2025 10:15,8,22.4,DHL/24-25/16056,3/19/2025 10:01,DHANSHREE ELECTRONICS,BHUSAWAL,JALGAON,MAHARASHTRA,18880,SAFEXPRESS,All others ODA
502,1.00E+11,3/19/2025 10:14,6,59.8,DHL/24-25/16031,3/19/2025 9:20,EAGLE DIGITAL SCALES,COIMBATORE,COIMBATORE,Tamil Nadu,17582,SAFEXPRESS,Scheduled
503,1.00E+11,3/19/2025 10:13,6,27.6,DHL/24-25/16071,3/19/2025 10:20,ODISHA SALES CORPORATION,SAMBALPUR,SAMBALPUR,Odisha,17841.6,SAFEXPRESS,Scheduled
504,1.00E+11,3/19/2025 10:13,2,10.8,DHL/24-25/16071,3/19/2025 10:20,ODISHA SALES CORPORATION,SAMBALPUR,SAMBALPUR,Odisha,6891.2,SAFEXPRESS,Scheduled
507,1.00E+11,3/19/2025 10:13,3,46.2,DHL/24-25/16042,3/19/2025 9:34,Prayagraj Enterprises,RANCHI,RANCHI,Jharkhand,16620.3,SAFEXPRESS,Scheduled
508,1.00E+11,3/19/2025 10:12,10,24,DHL/24-25/16069,3/19/2025 10:18,Bhubaneshwar,BHUBANESHWAR,KHORDHA,Odisha,33689,SAFEXPRESS,Scheduled
509,1.00E+11,3/19/2025 10:11,1,18.5,DHL/24-25/16043,3/19/2025 9:39,SHARMA WEIGHING,UJJAIN,UJJAIN,Madhya Pradesh,5717.1,SAFEXPRESS,All others ODA
510,1.00E+11,3/19/2025 10:11,5,82,DHL/24-25/16043,3/19/2025 9:39,SHARMA WEIGHING,UJJAIN,UJJAIN,Madhya Pradesh,28054.5,SAFEXPRESS,All others ODA
511,1.00E+11,3/19/2025 10:10,,0,DHL/24-25/16090,3/19/2025 15:09,"Akhilesh, Hotel Shiraz",BHADOHI,BHADOHI,Uttar Pradesh,38232,SAFEXPRESS,Scheduled
512,1.00E+11,3/19/2025 10:10,,0,DHL/24-25/16090,3/19/2025 15:09,"Akhilesh, Hotel Shiraz",BHADOHI,BHADOHI,Uttar Pradesh,2548.8,SAFEXPRESS,Scheduled
513,1.00E+11,3/19/2025 10:08,2,5,DHL/24-25/16070,3/19/2025 10:19,N A SERVICES,GADCHIROLI,GARHCHIROLI,MAHARASHTRA,14148.2,SAFEXPRESS,All others ODA
514,1.00E+11,3/19/2025 10:08,1,2.5,DHL/24-25/16070,3/19/2025 10:19,N A SERVICES,GADCHIROLI,GARHCHIROLI,MAHARASHTRA,5776.1,SAFEXPRESS,All others ODA
515,158077501,3/18/2025 19:26,1,5,DHL/24-25/15977,3/17/2025 15:52,DIGITAL SALES,DURGAPUR,PASCHIM BARDHAMAN,West Bengal,4519.4,GATI,All others ODA
516,158077518,3/18/2025 19:25,4,121.6,DHL/24-25/16007,3/18/2025 10:46,SAMARTH ENTERPRISES,LATUR,LATUR,MAHARASHTRA,34715.6,GATI,Scheduled
517,158077518,3/18/2025 19:25,2,36,DHL/24-25/16007,3/18/2025 10:46,SAMARTH ENTERPRISES,LATUR,LATUR,MAHARASHTRA,12401.8,GATI,Scheduled
518,158077495,3/18/2025 19:25,2,4.4,DHL/24-25/15927,3/15/2025 16:49,Jeypore,Jeypore,KORAPUT,Odisha,6395.6,GATI,All others ODA
519,158077495,3/18/2025 19:25,2,4.6,DHL/24-25/15927,3/15/2025 16:49,Jeypore,Jeypore,KORAPUT,Odisha,6395.6,GATI,All others ODA
520,158077488,3/18/2025 19:24,5,24.5,DHL/24-25/15992,3/18/2025 9:53,PHOENIX ELECTRONICS & WEIGHING SYSTEMS,Hayathnagar,RANGAREDDY,Telangana,17493.5,GATI,All others ODA
521,158077570,3/18/2025 19:23,15,175.5,DHL/24-25/16018,3/18/2025 16:20,PHOENIX SAI ENTERPRISES,Jeypore,KORAPUT,Odisha,70800,GATI,All others ODA
522,158077570,3/18/2025 19:23,8,64.8,DHL/24-25/16018,3/18/2025 16:20,PHOENIX SAI ENTERPRISES,Jeypore,KORAPUT,Odisha,28792,GATI,All others ODA
523,158077556,3/18/2025 19:22,5,29,DHL/24-25/15859,3/13/2025 14:14,RAJ ELECTRONICS,CHHINDWARA,CHHINDWARA,Madhya Pradesh,14455,GATI,All others ODA
524,158077464,3/18/2025 19:21,2,11.3,DHL/24-25/15994,3/18/2025 10:07,RENUKA ELECTRONICS,PUNE,PUNE,MAHARASHTRA,10407.6,GATI,Scheduled
525,158077464,3/18/2025 19:21,1,6.5,DHL/24-25/16009,3/18/2025 15:18,RENUKA ELECTRONICS,PUNE,PUNE,MAHARASHTRA,6501.8,GATI,Scheduled
526,158077471,3/18/2025 19:19,4,20,DHL/24-25/16006,3/18/2025 10:30,AL-NOOR ELECTRONICS,BHIWANDI,THANE,MAHARASHTRA,8602.2,GATI,Scheduled
527,158077471,3/18/2025 19:19,2,4.4,DHL/24-25/16006,3/18/2025 10:30,AL-NOOR ELECTRONICS,BHIWANDI,THANE,MAHARASHTRA,4731.8,GATI,Scheduled
528,158077471,3/18/2025 19:19,1,5.5,DHL/24-25/16008,3/18/2025 10:47,AL-NOOR ELECTRONICS,BHIWANDI,THANE,MAHARASHTRA,3793.7,GATI,Scheduled
529,158077563,3/18/2025 19:18,3,92.4,DHL/24-25/16004,3/18/2025 10:25,SHREE RAJAL SCALE COMPANY,YAVATMAL,YAVATMAL,MAHARASHTRA,26603.1,GATI,Scheduled
530,158077563,3/18/2025 19:18,1,15.2,DHL/24-25/16010,3/18/2025 15:21,SHREE RAJAL SCALE COMPANY,YAVATMAL,YAVATMAL,MAHARASHTRA,6224.5,GATI,Scheduled
531,274960257,3/18/2025 19:11,9,106.2,DHL/24-25/16011,3/18/2025 15:23,SHRI BANKEBIHARI ENTERPRISES,SHEOPUR,SHEOPUR,Madhya Pradesh,43382.7,DELHIVERY,All others ODA
532,274959863,3/18/2025 19:09,5,23.5,DHL/24-25/16001,3/18/2025 10:23,MAA LAXMI TRADING AND COMPANY,DHANBAD,DHANBAD,Jharkhand,14661.5,DELHIVERY,All others ODA
533,274959863,3/18/2025 19:09,10,18,DHL/24-25/15940,3/15/2025 17:17,MAA LAXMI TRADING AND COMPANY,DHANBAD,DHANBAD,Jharkhand,16520,DELHIVERY,All others ODA
534,274959863,3/18/2025 19:09,5,25,DHL/24-25/15942,3/15/2025 17:19,MAA LAXMI TRADING AND COMPANY,DHANBAD,DHANBAD,Jharkhand,12242.5,DELHIVERY,All others ODA
535,274959863,3/18/2025 19:09,1,2.4,DHL/24-25/15942,3/15/2025 17:19,MAA LAXMI TRADING AND COMPANY,DHANBAD,DHANBAD,Jharkhand,4271.6,DELHIVERY,All others ODA
536,274959470,3/18/2025 19:07,1,6.7,DHL/24-25/15870,3/13/2025 14:26,S K DIGITAL SERVICE,LANJA,RATNAGIRI,MAHARASHTRA,12696.8,DELHIVERY,All others ODA
537,274959470,3/18/2025 19:07,2,4.4,DHL/24-25/15929,3/15/2025 16:50,S K DIGITAL SERVICE,LANJA,RATNAGIRI,MAHARASHTRA,4731.8,DELHIVERY,All others ODA
538,274959470,3/18/2025 19:07,1,26,DHL/24-25/16000,3/18/2025 10:21,S K DIGITAL SERVICE,LANJA,RATNAGIRI,MAHARASHTRA,8867.7,DELHIVERY,All others ODA
539,274959470,3/18/2025 19:07,2,9.2,DHL/24-25/16000,3/18/2025 10:21,S K DIGITAL SERVICE,LANJA,RATNAGIRI,MAHARASHTRA,6619.8,DELHIVERY,All others ODA
540,274959470,3/18/2025 19:07,2,30,DHL/24-25/16000,3/18/2025 10:21,S K DIGITAL SERVICE,LANJA,RATNAGIRI,MAHARASHTRA,9569.8,DELHIVERY,All others ODA
541,1.00E+11,3/18/2025 19:05,1,2.3,DHL/24-25/15809,3/13/2025 9:34,Sambalpur,SAMBALPUR,SAMBALPUR,Odisha,1557.6,SAFEXPRESS,Scheduled
542,1.00E+11,3/18/2025 19:05,2,97.3,DHL/24-25/15981,3/17/2025 17:08,Sambalpur,SAMBALPUR,SAMBALPUR,Odisha,122378.98,SAFEXPRESS,Scheduled
543,1.00E+11,3/18/2025 19:01,10,18,DHL/24-25/15941,3/15/2025 17:18,ODISHA SALES CORPORATION,SAMBALPUR,SAMBALPUR,Odisha,16520,SAFEXPRESS,Scheduled
544,1.00E+11,3/18/2025 19:01,4,9.2,DHL/24-25/15943,3/15/2025 17:20,ODISHA SALES CORPORATION,SAMBALPUR,SAMBALPUR,Odisha,8826.4,SAFEXPRESS,Scheduled
545,1.00E+11,3/18/2025 18:59,2,17,DHL/24-25/15869,3/13/2025 14:26,Shrivastav Enterprises,Mauganj,REWA,Madhya Pradesh,7351.4,SAFEXPRESS,All others ODA
546,1.00E+11,3/18/2025 18:59,2,9.2,DHL/24-25/15918,3/15/2025 16:36,Shrivastav Enterprises,Mauganj,REWA,Madhya Pradesh,5723,SAFEXPRESS,All others ODA
547,1.00E+11,3/18/2025 18:59,2,9.2,DHL/24-25/15926,3/15/2025 16:48,Shrivastav Enterprises,Mauganj,REWA,Madhya Pradesh,5723,SAFEXPRESS,All others ODA
548,1.00E+11,3/18/2025 18:59,10,18,DHL/24-25/15939,3/15/2025 17:15,Shrivastav Enterprises,Mauganj,REWA,Madhya Pradesh,16520,SAFEXPRESS,All others ODA
549,1.00E+11,3/18/2025 18:59,4,24,DHL/24-25/15960,3/17/2025 14:19,Shrivastav Enterprises,Mauganj,REWA,Madhya Pradesh,9475.4,SAFEXPRESS,All others ODA
550,1.00E+11,3/18/2025 18:59,1,18.7,DHL/24-25/15960,3/17/2025 14:19,Shrivastav Enterprises,Mauganj,REWA,Madhya Pradesh,4920.6,SAFEXPRESS,All others ODA
551,1.00E+11,3/18/2025 18:59,2,4.6,DHL/24-25/15999,3/18/2025 10:16,Shrivastav Enterprises,Mauganj,REWA,Madhya Pradesh,11457.8,SAFEXPRESS,All others ODA
552,1.00E+11,3/18/2025 18:59,1,2.1,DHL/24-25/15999,3/18/2025 10:16,Shrivastav Enterprises,Mauganj,REWA,Madhya Pradesh,5846.9,SAFEXPRESS,All others ODA
553,1.00E+11,3/18/2025 18:59,2,9.2,DHL/24-25/15999,3/18/2025 10:16,Shrivastav Enterprises,Mauganj,REWA,Madhya Pradesh,6313,SAFEXPRESS,All others ODA
554,1.00E+11,3/18/2025 18:59,6,27.6,DHL/24-25/15999,3/18/2025 10:16,Shrivastav Enterprises,Mauganj,REWA,Madhya Pradesh,17169,SAFEXPRESS,All others ODA
555,1.00E+11,3/18/2025 18:56,2,16.4,DHL/24-25/15644,3/8/2025 10:20,New Tanishk Electronics,Kareli,NARSINGHPUR,Madhya Pradesh,7858.8,SAFEXPRESS,All others ODA
556,1.00E+11,3/18/2025 18:56,2,11.6,DHL/24-25/15857,3/13/2025 14:12,New Tanishk Electronics,Kareli,NARSINGHPUR,Madhya Pradesh,5947.2,SAFEXPRESS,All others ODA
557,1.00E+11,3/18/2025 18:56,1,5.5,DHL/24-25/15984,3/18/2025 9:39,New Tanishk Electronics,Kareli,NARSINGHPUR,Madhya Pradesh,7257,SAFEXPRESS,All others ODA
558,1.00E+11,3/18/2025 18:54,10,116,DHL/24-25/16013,3/18/2025 16:16,DULAL MANDAL,MALDA,MALDA,West Bengal,47495,SAFEXPRESS,Scheduled
559,1.00E+11,3/18/2025 18:54,40,468,DHL/24-25/16013,3/18/2025 16:16,DULAL MANDAL,MALDA,MALDA,West Bengal,189980,SAFEXPRESS,Scheduled
560,1.00E+11,3/18/2025 18:54,1,11.7,DHL/24-25/16014,3/18/2025 16:17,DULAL MANDAL,MALDA,MALDA,West Bengal,4749.5,SAFEXPRESS,Scheduled
561,1.00E+11,3/18/2025 18:51,1,4.5,DHL/24-25/16002,3/18/2025 10:23,ODISHA SALES CORPORATION,SAMBALPUR,SAMBALPUR,Odisha,4519.4,SAFEXPRESS,Scheduled
562,1.00E+11,3/18/2025 18:50,2,54,DHL/24-25/15955,3/17/2025 14:11,MADHURAM ENTERPRISES,Jaipur,Jaipur,Rajasthan,19393.3,SAFEXPRESS,Scheduled
563,1.00E+11,3/18/2025 18:49,15,126,DHL/24-25/16019,3/18/2025 16:25,OMKAR ENTERPRISES,SILCHAR,CACHAR,Assam,61950,SAFEXPRESS,Scheduled
564,1.00E+11,3/18/2025 18:49,15,87,DHL/24-25/16019,3/18/2025 16:25,OMKAR ENTERPRISES,SILCHAR,CACHAR,Assam,45312,SAFEXPRESS,Scheduled
565,1.00E+11,3/18/2025 18:48,,0,DHL/24-25/16023,3/18/2025 16:46,"Akhilesh, Hotel Shiraz",BHADOHI,BHADOHI,Uttar Pradesh,57348,SAFEXPRESS,Scheduled
566,1.00E+11,3/18/2025 18:48,,0,DHL/24-25/16023,3/18/2025 16:46,"Akhilesh, Hotel Shiraz",BHADOHI,BHADOHI,Uttar Pradesh,4248,SAFEXPRESS,Scheduled
569,158077648,3/17/2025 19:29,1,15.6,DHL/24-25/15839,3/13/2025 10:37,"Shree Enterprises,(Beed)",BEED,BEED,MAHARASHTRA,6649.3,GATI,Scheduled
570,158077648,3/17/2025 19:29,2,11.9,DHL/24-25/15839,3/13/2025 10:37,"Shree Enterprises,(Beed)",BEED,BEED,MAHARASHTRA,5610.9,GATI,Scheduled
571,158077723,3/17/2025 19:28,2,9.2,DHL/24-25/15923,3/15/2025 16:45,SHREE SHYAM AGENCIES,RAMGARH CANTT,RAMGARH CANTT,Jharkhand,6147.8,GATI,All others ODA
572,158077709,3/17/2025 19:28,3,7.2,DHL/24-25/15909,3/15/2025 16:18,GENIUS INSTRUMENTS.,Kaudane,AHMEDNAGAR,MAHARASHTRA,15788.4,GATI,Scheduled
573,158077679,3/17/2025 19:27,5,155,DHL/24-25/15966,3/17/2025 14:30,Bilaspur,Bilaspur,Bilaspur,Chhattisgarh,34987,GATI,Scheduled
574,158077693,3/17/2025 19:26,2,11.9,DHL/24-25/15970,3/17/2025 14:35,ACEE WEIGHING SOLUTION,AHMEDABAD,AHMEDABAD,Gujarat,4784.9,GATI,All others ODA
575,158077693,3/17/2025 19:26,8,50,DHL/24-25/15970,3/17/2025 14:35,ACEE WEIGHING SOLUTION,AHMEDABAD,AHMEDABAD,Gujarat,19706,GATI,All others ODA
576,158077686,3/17/2025 19:25,6,36,DHL/24-25/15957,3/17/2025 14:14,Berhampur,Berhampur,GANJAM,Odisha,10655.4,GATI,All others ODA
577,158077686,3/17/2025 19:25,1,2,DHL/24-25/15967,3/17/2025 14:31,Berhampur,Berhampur,GANJAM,Odisha,1840.8,GATI,All others ODA
578,158077686,3/17/2025 19:25,2,9.2,DHL/24-25/15823,3/13/2025 9:52,Berhampur,Berhampur,GANJAM,Odisha,4531.2,GATI,All others ODA
579,158077716,3/17/2025 19:22,5,27.5,DHL/24-25/15922,3/15/2025 16:44,PHOENIX INDUSTRIAL SERVICE,ANGUL,ANGUL,Odisha,17729.5,GATI,All others ODA
580,158077716,3/17/2025 19:22,1,1.5,DHL/24-25/15951,3/17/2025 14:02,PHOENIX INDUSTRIAL SERVICE,ANGUL,ANGUL,Odisha,6136,GATI,All others ODA
581,158077730,3/17/2025 19:20,1,8.1,DHL/24-25/15582,3/7/2025 11:48,JINAL MARKETING,PALGHAR,THANE,MAHARASHTRA,4643.3,GATI,Scheduled
582,158077730,3/17/2025 19:20,1,4.6,DHL/24-25/15762,3/11/2025 14:29,JINAL MARKETING,PALGHAR,THANE,MAHARASHTRA,2861.5,GATI,Scheduled
583,158077730,3/17/2025 19:20,1,2.2,DHL/24-25/15914,3/15/2025 16:28,JINAL MARKETING,PALGHAR,THANE,MAHARASHTRA,4118.2,GATI,Scheduled
584,158077730,3/17/2025 19:20,2,9.2,DHL/24-25/15915,3/15/2025 16:30,JINAL MARKETING,PALGHAR,THANE,MAHARASHTRA,5723,GATI,Scheduled
585,158077730,3/17/2025 19:20,1,4.9,DHL/24-25/15975,3/17/2025 14:43,JINAL MARKETING,PALGHAR,THANE,MAHARASHTRA,3764.2,GATI,Scheduled
586,158077747,3/17/2025 19:15,1,23.8,DHL/24-25/15834,3/13/2025 10:30,AGRAWAL SCALE CO.,NAGPUR,NAGPUR,MAHARASHTRA,9799.9,GATI,Scheduled
587,158077747,3/17/2025 19:15,1,17.1,DHL/24-25/15834,3/13/2025 10:30,AGRAWAL SCALE CO.,NAGPUR,NAGPUR,MAHARASHTRA,7015.1,GATI,Scheduled
588,158077747,3/17/2025 19:15,1,2.4,DHL/24-25/15913,3/15/2025 16:27,AGRAWAL SCALE CO.,NAGPUR,NAGPUR,MAHARASHTRA,4206.7,GATI,Scheduled
589,158077655,3/17/2025 19:13,10,46,DHL/24-25/15916,3/15/2025 16:31,Prakash Traders.,DINDORI,DINDORI,Madhya Pradesh,27907,GATI,All others ODA
590,158077655,3/17/2025 19:13,2,4.4,DHL/24-25/15928,3/15/2025 16:49,Prakash Traders.,DINDORI,DINDORI,Madhya Pradesh,4613.8,GATI,All others ODA
591,1.00E+11,3/17/2025 19:10,1,32.8,DHL/24-25/15950,3/17/2025 14:00,SOMYA SYSTEM,GWALIOR,GWALIOR,Madhya Pradesh,8997.5,SAFEXPRESS,All others ODA
592,1.00E+11,3/17/2025 19:10,1,16.6,DHL/24-25/15950,3/17/2025 14:00,SOMYA SYSTEM,GWALIOR,GWALIOR,Madhya Pradesh,6448.7,SAFEXPRESS,All others ODA
593,1.00E+11,3/17/2025 19:09,4,9.6,DHL/24-25/15912,3/15/2025 16:25,BALAJI ENTERPRISES,MORADABAD,MORADABAD,Uttar Pradesh,17039.2,SAFEXPRESS,Scheduled
594,1.00E+11,3/17/2025 19:08,10,18,DHL/24-25/15656,3/10/2025 9:37,Sri Lakshmi Narsimha Swamy Scales,MANCHERIAL,MANCHERIAL,Telangana,16520,SAFEXPRESS,Ac
595,1.00E+11,3/17/2025 19:06,5,11,DHL/24-25/15931,3/15/2025 16:51,Prayagraj Enterprises,RANCHI,RANCHI,Jharkhand,11534.5,SAFEXPRESS,Scheduled
596,1.00E+11,3/17/2025 19:06,8,47.6,DHL/24-25/15968,3/17/2025 14:33,Prayagraj Enterprises,RANCHI,RANCHI,Jharkhand,16166,SAFEXPRESS,Scheduled
597,1.00E+11,3/17/2025 19:06,10,16.4,DHL/24-25/15968,3/17/2025 14:33,Prayagraj Enterprises,RANCHI,RANCHI,Jharkhand,22184,SAFEXPRESS,Scheduled
598,1.00E+11,3/17/2025 19:04,4,20.2,DHL/24-25/15948,3/17/2025 13:59,RIDHI SIDHI ENGINEERING,KOTA,KOTA,Rajasthan,8153.8,SAFEXPRESS,Scheduled
599,1.00E+11,3/17/2025 19:04,2,16.2,DHL/24-25/15958,3/17/2025 14:15,RIDHI SIDHI ENGINEERING,KOTA,KOTA,Rajasthan,7681.8,SAFEXPRESS,Scheduled
600,1.00E+11,3/17/2025 19:01,2,11.6,DHL/24-25/15852,3/13/2025 14:08,KARUNA MACHINE MART,Jalsara,PASCHIM MEDINIPUR,West Bengal,7127.2,SAFEXPRESS,Scheduled
601,1.00E+11,3/17/2025 18:54,3,24.6,DHL/24-25/15787,3/12/2025 10:13,Khariar Weighing Scale,KHARIAR,NUAPADA,Odisha,11434.2,SAFEXPRESS,Scheduled
602,1.00E+11,3/17/2025 18:54,9,41.4,DHL/24-25/15937,3/15/2025 17:07,Khariar Weighing Scale,KHARIAR,NUAPADA,Odisha,27824.4,SAFEXPRESS,Scheduled
603,1.00E+11,3/17/2025 18:54,11,129.8,DHL/24-25/15956,3/17/2025 14:13,Khariar Weighing Scale,KHARIAR,NUAPADA,Odisha,51141.2,SAFEXPRESS,Scheduled
604,1.00E+11,3/17/2025 18:47,5,40.5,DHL/24-25/15969,3/17/2025 14:34,ODISHA SALES CORPORATION,SAMBALPUR,SAMBALPUR,Odisha,16992,SAFEXPRESS,Scheduled
605,1.00E+11,3/17/2025 18:44,2,10,DHL/24-25/15919,3/15/2025 16:37,Maa Kali Enterprise,Agartala,West Tripura,Tripura,8437,SAFEXPRESS,All others ODA
606,1.00E+11,3/17/2025 18:44,5,83.5,DHL/24-25/15962,3/17/2025 14:22,Maa Kali Enterprise,Agartala,West Tripura,Tripura,33187.5,SAFEXPRESS,All others ODA
607,1.00E+11,3/17/2025 18:43,4,74,DHL/24-25/15971,3/17/2025 14:37,SHARMA WEIGHING,UJJAIN,UJJAIN,Madhya Pradesh,22868.4,SAFEXPRESS,All others ODA
608,1.00E+11,3/17/2025 18:41,5,58.5,DHL/24-25/15964,3/17/2025 14:24,DULAL MANDAL,MALDA,MALDA,West Bengal,23747.5,SAFEXPRESS,Scheduled
609,1.00E+11,3/17/2025 18:41,12,82.8,DHL/24-25/15965,3/17/2025 14:26,DULAL MANDAL,MALDA,MALDA,West Bengal,121068,SAFEXPRESS,Scheduled
610,1.00E+11,3/17/2025 18:40,2,10.8,DHL/24-25/15821,3/13/2025 9:50,MARUDHAR ENTERPRISES,JODHPUR,JODHPUR,Rajasthan,7174.4,SAFEXPRESS,Scheduled
611,1.00E+11,3/17/2025 18:40,2,9.6,DHL/24-25/15821,3/13/2025 9:50,MARUDHAR ENTERPRISES,JODHPUR,JODHPUR,Rajasthan,8802.8,SAFEXPRESS,Scheduled
612,1.00E+11,3/17/2025 18:40,2,14,DHL/24-25/15836,3/13/2025 10:33,MARUDHAR ENTERPRISES,JODHPUR,JODHPUR,Rajasthan,7788,SAFEXPRESS,Scheduled
613,1.00E+11,3/17/2025 18:40,5,89,DHL/24-25/15867,3/13/2025 14:23,MARUDHAR ENTERPRISES,JODHPUR,JODHPUR,Rajasthan,27317,SAFEXPRESS,Scheduled
614,1.00E+11,3/17/2025 18:40,4,63.6,DHL/24-25/15954,3/17/2025 14:10,MARUDHAR ENTERPRISES,JODHPUR,JODHPUR,Rajasthan,16496.4,SAFEXPRESS,Scheduled
615,1.00E+11,3/17/2025 18:38,2,23.4,DHL/24-25/15963,3/17/2025 14:23,WEIGHING INDIA CORPORATION,BHOPAL,BHOPAL,Madhya Pradesh,9640.6,SAFEXPRESS,All others ODA
616,1.00E+11,3/17/2025 18:38,5,40.5,DHL/24-25/15974,3/17/2025 14:40,WEIGHING INDIA CORPORATION,BHOPAL,BHOPAL,Madhya Pradesh,18496.5,SAFEXPRESS,All others ODA
617,274922442,3/17/2025 18:32,10,56.5,DHL/24-25/15959,3/17/2025 14:17,PHOENIX ELECTRONICS & WEIGHING SYSTEMS,Hayathnagar,RANGAREDDY,Telangana,20207.5,DELHIVERY,All others ODA
618,274922442,3/17/2025 18:32,2,30.8,DHL/24-25/15959,3/17/2025 14:17,PHOENIX ELECTRONICS & WEIGHING SYSTEMS,Hayathnagar,RANGAREDDY,Telangana,11080.2,DELHIVERY,All others ODA
619,274922442,3/17/2025 18:32,4,19,DHL/24-25/15959,3/17/2025 14:17,PHOENIX ELECTRONICS & WEIGHING SYSTEMS,Hayathnagar,RANGAREDDY,Telangana,8437,DELHIVERY,All others ODA
620,274922106,3/17/2025 18:31,2,23.4,DHL/24-25/15961,3/17/2025 14:20,MAA LAXMI TRADING AND COMPANY,DHANBAD,DHANBAD,Jharkhand,9640.6,DELHIVERY,All others ODA
621,274922106,3/17/2025 18:31,2,37.4,DHL/24-25/15961,3/17/2025 14:20,MAA LAXMI TRADING AND COMPANY,DHANBAD,DHANBAD,Jharkhand,9558,DELHIVERY,All others ODA
622,274921376,3/17/2025 18:31,8,47.2,DHL/24-25/15973,3/17/2025 14:39,Rishav Traders,JAMMU,JAMMU,Jammu and Kashmir,19234,DELHIVERY,All others ODA
623,274921226,3/17/2025 18:30,3,17.4,DHL/24-25/15847,3/13/2025 14:05,Ganga Sales,BALAGHAT,BALAGHAT,Madhya Pradesh,8920.8,DELHIVERY,All others ODA
624,274921010,3/17/2025 18:29,5,23,DHL/24-25/15924,3/15/2025 16:46,Vaishnavi Enterprises,Ambivali,THANE,MAHARASHTRA,15369.5,DELHIVERY,All others ODA
625,274922646,3/17/2025 18:28,1,28,DHL/24-25/15775,3/11/2025 17:39,SHREE GAYATRI INSTRUMENT,SEONI,SEONI,Madhya Pradesh,13629,DELHIVERY,All others ODA
639,274947441,3/17/2025 13:43,1,4.8,DHL/24-25/15574,3/7/2025 11:34,Nitiraj Agencies,BASTI,BASTI,Uttar Pradesh,3705.2,DELHIVERY,All others ODA
648,158077808,3/15/2025 19:01,2,23.2,DHL/24-25/15872,3/13/2025 14:28,Maa Kali Enterprise,Agartala,West Tripura,Tripura,9947.4,GATI,All others ODA
649,158077761,3/15/2025 19:00,4,46.4,DHL/24-25/15838,3/13/2025 10:35,N A SERVICES,GADCHIROLI,GARHCHIROLI,MAHARASHTRA,21641.2,GATI,Scheduled
650,158077778,3/15/2025 18:59,1,15.9,DHL/24-25/15814,3/13/2025 9:41,SAI SCALE SERVICE,JALNA,JALNA,MAHARASHTRA,6295.3,GATI,Scheduled
651,1.00E+11,3/15/2025 18:57,2,4.2,DHL/24-25/15811,3/13/2025 9:37,VIJAY KUMAR GIRIDHARILAL,JAMSHEDPUR,EAST SINGHBHUM,Jharkhand,10572.8,SAFEXPRESS,Scheduled
652,1.00E+11,3/15/2025 18:57,2,11.6,DHL/24-25/15851,3/13/2025 14:07,SANT SALES CORPORATION,SATNA,SATNA,Madhya Pradesh,5947.2,SAFEXPRESS,All others ODA
653,1.00E+11,3/15/2025 18:56,2,11.6,DHL/24-25/15848,3/13/2025 14:06,C R Mart,Aizwal,Aizwal,Mizoram,6041.6,SAFEXPRESS,Scheduled
654,1.00E+11,3/15/2025 18:56,2,16.6,DHL/24-25/15877,3/13/2025 14:37,ODISHA SALES CORPORATION,SAMBALPUR,SAMBALPUR,Odisha,7245.2,SAFEXPRESS,Scheduled
655,1.00E+11,3/15/2025 18:56,2,16.2,DHL/24-25/15877,3/13/2025 14:37,ODISHA SALES CORPORATION,SAMBALPUR,SAMBALPUR,Odisha,7198,SAFEXPRESS,Scheduled
656,1.00E+11,3/15/2025 18:56,3,24,DHL/24-25/15877,3/13/2025 14:37,ODISHA SALES CORPORATION,SAMBALPUR,SAMBALPUR,Odisha,10584.6,SAFEXPRESS,Scheduled
657,1.00E+11,3/15/2025 18:55,2,31.6,DHL/24-25/15873,3/13/2025 14:31,MAA LAXMI TRADING AND COMPANY,DHANBAD,DHANBAD,Jharkhand,11021.2,SAFEXPRESS,Scheduled
658,1.00E+11,3/15/2025 18:55,3,4.5,DHL/24-25/15873,3/13/2025 14:31,MAA LAXMI TRADING AND COMPANY,DHANBAD,DHANBAD,Jharkhand,6867.6,SAFEXPRESS,Scheduled
659,1.00E+11,3/15/2025 18:55,3,24.3,DHL/24-25/15873,3/13/2025 14:31,MAA LAXMI TRADING AND COMPANY,DHANBAD,DHANBAD,Jharkhand,11097.9,SAFEXPRESS,Scheduled
660,158077754,3/15/2025 18:54,1,31.8,DHL/24-25/15803,3/13/2025 9:28,J K ENTERPRISES,KALAMB,DHARASHIV (OSMANABAD),MAHARASHTRA,16838.6,GATI,Scheduled
661,158077754,3/15/2025 18:54,2,11.6,DHL/24-25/15896,3/15/2025 12:50,J K ENTERPRISES,KALAMB,DHARASHIV (OSMANABAD),MAHARASHTRA,7316,GATI,Scheduled
662,158077792,3/15/2025 18:52,1,30.1,DHL/24-25/15808,3/13/2025 9:32,SAMARTH ENTERPRISES,LATUR,LATUR,MAHARASHTRA,8584.5,GATI,Scheduled
663,158077792,3/15/2025 18:52,2,13.8,DHL/24-25/15828,3/13/2025 10:11,SAMARTH ENTERPRISES,LATUR,LATUR,MAHARASHTRA,5304.1,GATI,Scheduled
664,158077792,3/15/2025 18:52,1,8.2,DHL/24-25/15828,3/13/2025 10:11,SAMARTH ENTERPRISES,LATUR,LATUR,MAHARASHTRA,4472.2,GATI,Scheduled
665,1.00E+11,3/15/2025 18:51,6,34.8,DHL/24-25/15861,3/13/2025 14:15,M/S Mahalaxmi Metals,MUNIGUDA,RAYAGADA,Odisha,17346,SAFEXPRESS,Scheduled
666,1.00E+11,3/15/2025 18:51,10,118,DHL/24-25/15875,3/13/2025 14:35,M/S Mahalaxmi Metals,MUNIGUDA,RAYAGADA,Odisha,48203,SAFEXPRESS,Scheduled
667,1.00E+11,3/15/2025 18:49,1,2.3,DHL/24-25/15810,3/13/2025 9:36,NATRAJ ENTERPRISES.,DURG,DURG,Chhattisgarh,2265.6,SAFEXPRESS,All others ODA
668,1.00E+11,3/15/2025 18:49,2,35,DHL/24-25/15895,3/15/2025 12:28,NATRAJ ENTERPRISES.,DURG,DURG,Chhattisgarh,8000.4,SAFEXPRESS,All others ODA
669,1.00E+11,3/15/2025 18:48,2,4.4,DHL/24-25/15739,3/11/2025 13:45,SWASTIK SYSTEMS & SERVICES,East Delhi,East Delhi,DELHI,10384,SAFEXPRESS,All others ODA
670,1.00E+11,3/15/2025 18:48,1,2.4,DHL/24-25/15804,3/13/2025 9:28,SWASTIK SYSTEMS & SERVICES,East Delhi,East Delhi,DELHI,5723,SAFEXPRESS,All others ODA
671,1.00E+11,3/15/2025 18:47,1,5.8,DHL/24-25/15850,3/13/2025 14:07,Agrawal Kanta Ghar,SATNA,SATNA,Madhya Pradesh,2973.6,SAFEXPRESS,All others ODA
672,1.00E+11,3/15/2025 18:47,2,9.2,DHL/24-25/15563,3/7/2025 11:24,Agrawal Kanta Ghar,SATNA,SATNA,Madhya Pradesh,5829.2,SAFEXPRESS,All others ODA
673,1.00E+11,3/15/2025 18:45,5,33.5,DHL/24-25/15871,3/13/2025 14:27,DULAL MANDAL,MALDA,MALDA,West Bengal,56640,SAFEXPRESS,Scheduled
674,1.00E+11,3/15/2025 18:45,24,280.8,DHL/24-25/15874,3/13/2025 14:33,DULAL MANDAL,MALDA,MALDA,West Bengal,113988,SAFEXPRESS,Scheduled
675,1.00E+11,3/15/2025 18:43,2,11.3,DHL/24-25/15863,3/13/2025 14:19,ALPINE DIGI SCALE SYSTEM,KOLKATA,KOLKATA,West Bengal,5315.9,SAFEXPRESS,Scheduled
676,1.00E+11,3/15/2025 18:43,1,4.9,DHL/24-25/15893,3/15/2025 11:07,ALPINE DIGI SCALE SYSTEM,KOLKATA,KOLKATA,West Bengal,4991.4,SAFEXPRESS,Scheduled
677,1.00E+11,3/15/2025 18:42,2,2.5,DHL/24-25/15816,3/13/2025 9:44,INNOVATIVE TELE SYSTEMS,GURGAON,GURGAON,Haryana,2430.8,SAFEXPRESS,All others ODA
678,1.00E+11,3/15/2025 18:42,1,2.3,DHL/24-25/15816,3/13/2025 9:44,INNOVATIVE TELE SYSTEMS,GURGAON,GURGAON,Haryana,2124,SAFEXPRESS,All others ODA
679,1.00E+11,3/15/2025 18:42,1,5.8,DHL/24-25/15855,3/13/2025 14:11,INNOVATIVE TELE SYSTEMS,GURGAON,GURGAON,Haryana,2973.6,SAFEXPRESS,All others ODA
680,1.00E+11,3/15/2025 18:41,2,9.2,DHL/24-25/15764,3/11/2025 14:34,MITTAL ELECTRONICS,AMRAVATI,AMRAVATI,MAHARASHTRA,6242.2,SAFEXPRESS,All others ODA
681,1.00E+11,3/15/2025 18:41,3,29.3,DHL/24-25/15936,3/15/2025 17:04,MITTAL ELECTRONICS,AMRAVATI,AMRAVATI,MAHARASHTRA,9528.5,SAFEXPRESS,All others ODA
682,1.00E+11,3/15/2025 18:38,2,9.2,DHL/24-25/15438,3/3/2025 15:45,ATS Enterprise,BIKRAMPUR,PASCHIM MEDINIPUR,West Bengal,7009.2,SAFEXPRESS,Scheduled
683,1.00E+11,3/15/2025 18:38,2,4.8,DHL/24-25/15904,3/15/2025 14:46,ATS Enterprise,BIKRAMPUR,PASCHIM MEDINIPUR,West Bengal,8519.6,SAFEXPRESS,Scheduled
684,274888321,3/15/2025 18:35,3,24.3,DHL/24-25/15730,3/11/2025 9:55,Prakash Traders.,DINDORI,DINDORI,Madhya Pradesh,11097.9,DELHIVERY,All others ODA
685,274888321,3/15/2025 18:35,1,2.2,DHL/24-25/15757,3/11/2025 14:19,Prakash Traders.,DINDORI,DINDORI,Madhya Pradesh,2306.9,DELHIVERY,All others ODA
686,274888321,3/15/2025 18:35,10,18,DHL/24-25/15825,3/13/2025 10:04,Prakash Traders.,DINDORI,DINDORI,Madhya Pradesh,17700,DELHIVERY,All others ODA
687,274885681,3/15/2025 18:34,1,2.3,DHL/24-25/15829,3/13/2025 10:12,ASIMA ENTERPRISES,BHAWANIPATNA,KALAHANDI,Odisha,3988.4,DELHIVERY,All others ODA
688,274885681,3/15/2025 18:34,6,70.2,DHL/24-25/15865,3/13/2025 14:21,ASIMA ENTERPRISES,BHAWANIPATNA,KALAHANDI,Odisha,28320,DELHIVERY,All others ODA
689,274885681,3/15/2025 18:34,8,93.6,DHL/24-25/15866,3/13/2025 14:22,ASIMA ENTERPRISES,BHAWANIPATNA,KALAHANDI,Odisha,37760,DELHIVERY,All others ODA
690,274885681,3/15/2025 18:34,2,3.6,DHL/24-25/15894,3/15/2025 11:42,ASIMA ENTERPRISES,BHAWANIPATNA,KALAHANDI,Odisha,10124.4,DELHIVERY,All others ODA
691,274885681,3/15/2025 18:34,2,4.4,DHL/24-25/15894,3/15/2025 11:42,ASIMA ENTERPRISES,BHAWANIPATNA,KALAHANDI,Odisha,10926.8,DELHIVERY,All others ODA
692,274885681,3/15/2025 18:34,2,4.4,DHL/24-25/15894,3/15/2025 11:42,ASIMA ENTERPRISES,BHAWANIPATNA,KALAHANDI,Odisha,5428,DELHIVERY,All others ODA
693,274885465,3/15/2025 18:32,20,35,DHL/24-25/15819,3/13/2025 9:47,Bhagyalaxmi Weigh Engineers,Silvassa,Silvassa,Dadra And Nagar Haveli And Daman And Diu,23600,DELHIVERY,All others ODA
694,274885465,3/15/2025 18:32,10,18,DHL/24-25/15826,3/13/2025 10:06,Bhagyalaxmi Weigh Engineers,Silvassa,Silvassa,Dadra And Nagar Haveli And Daman And Diu,16520,DELHIVERY,All others ODA
695,274889814,3/15/2025 18:29,2,11.6,DHL/24-25/15854,3/13/2025 14:09,Radheshyam Sales,JAORA,RATLAM,Madhya Pradesh,5782,DELHIVERY,All others ODA
696,274889814,3/15/2025 18:29,1,15.3,DHL/24-25/15876,3/13/2025 14:36,Radheshyam Sales,JAORA,RATLAM,Madhya Pradesh,6436.9,DELHIVERY,All others ODA
697,274889814,3/15/2025 18:29,1,2.4,DHL/24-25/15903,3/15/2025 14:39,Radheshyam Sales,JAORA,RATLAM,Madhya Pradesh,4135.9,DELHIVERY,All others ODA
698,274889185,3/15/2025 18:26,1,5.8,DHL/24-25/15856,3/13/2025 14:12,Mahaveer Electricals,Kishangarh,Ajmer,Rajasthan,2973.6,DELHIVERY,All others ODA
699,274888858,3/15/2025 18:26,8,36.8,DHL/24-25/15824,3/13/2025 10:01,SHREE SHYAM AGENCIES,RAMGARH CANTT,RAMGARH CANTT,Jharkhand,24591.2,DELHIVERY,All others ODA
700,274885270,3/15/2025 18:23,1,5.8,DHL/24-25/15853,3/13/2025 14:09,PALIWAL INSTRUMENT,BURHANPUR,Burhanpur,Madhya Pradesh,2973.6,DELHIVERY,All others ODA
701,274889556,3/15/2025 18:21,2,4.6,DHL/24-25/15812,3/13/2025 9:39,PATNESWARI ENTERPRIES,Balangir,BALANGIR,Odisha,10148,DELHIVERY,All others ODA
702,274889556,3/15/2025 18:21,1,4.6,DHL/24-25/15812,3/13/2025 9:39,PATNESWARI ENTERPRIES,Balangir,BALANGIR,Odisha,2973.6,DELHIVERY,All others ODA
703,274887482,3/15/2025 18:20,1,15.5,DHL/24-25/15908,3/15/2025 15:04,SHAKEEB MK SUFAH,KANNUR,KANNUR,Kerala,7670,DELHIVERY,All others ODA
717,158078423,3/13/2025 18:02,1,6.9,DHL/24-25/15884,3/13/2025 16:13,Maa Kali Enterprise,Agartala,West Tripura,Tripura,11422.4,GATI,All others ODA
718,158078423,3/13/2025 18:02,3,17.4,DHL/24-25/15858,3/13/2025 14:13,Maa Kali Enterprise,Agartala,West Tripura,Tripura,9062.4,GATI,All others ODA
719,158077822,3/13/2025 17:59,10,17,DHL/24-25/15846,3/13/2025 12:20,ACEE WEIGHING SOLUTION,AHMEDABAD,AHMEDABAD,Gujarat,17110,GATI,All others ODA
720,158077839,3/13/2025 17:58,24,420,DHL/24-25/15862,3/13/2025 14:18,TRANSWORLD SCALES SERVICES,Karicode,KOLLAM,Kerala,106483.2,GATI,Scheduled
721,158077846,3/13/2025 17:56,5,29,DHL/24-25/15860,3/13/2025 14:15,PHOENIX INDUSTRIAL SERVICE,ANGUL,ANGUL,Odisha,14455,GATI,All others ODA
722,274848766,3/13/2025 16:29,23,335.8,DHL/24-25/15881,3/13/2025 15:21,LINKWELL TELESYSTEMS PVT LTD (ARUNACHAL PRADESH),BEGUMPET,HYDERABAD,Telangana,113556.48,DELHIVERY,All others ODA
723,274848454,3/13/2025 16:27,40,584,DHL/24-25/15880,3/13/2025 15:19,LINKWELL TELESYSTEMS PVT LTD (ARUNACHAL PRADESH),BEGUMPET,HYDERABAD,Telangana,197489.52,DELHIVERY,All others ODA
724,274848379,3/13/2025 16:26,32,467.2,DHL/24-25/15879,3/13/2025 15:17,LINKWELL TELESYSTEMS PVT LTD (ARUNACHAL PRADESH),BEGUMPET,HYDERABAD,Telangana,157991.62,DELHIVERY,All others ODA
733,1000 2221 4850,3/12/2025 19:41,2,9.4,DHL/24-25/15677,3/10/2025 10:05,SONI RADIOS,ZIRA,FIROZPUR,PUNJAB,7009.2,SAFEXPRESS,All others ODA
734,1000 2221 4850,3/12/2025 19:41,2,9.4,DHL/24-25/15677,3/10/2025 10:05,SONI RADIOS,ZIRA,FIROZPUR,PUNJAB,6419.2,SAFEXPRESS,All others ODA
735,1000 2221 4850,3/12/2025 19:41,2,11,DHL/24-25/15749,3/11/2025 14:00,SONI RADIOS,ZIRA,FIROZPUR,PUNJAB,7976.8,SAFEXPRESS,All others ODA
736,1000 2221 5961,3/12/2025 19:39,4,22.6,DHL/24-25/15640,3/8/2025 10:11,Bhagya Enterprises,KENDRAPARA,KENDRAPARA,Odisha,9333.8,SAFEXPRESS,Scheduled
737,1000 2221 5961,3/12/2025 19:39,1,8.1,DHL/24-25/15641,3/8/2025 10:13,Bhagya Enterprises,KENDRAPARA,KENDRAPARA,Odisha,3840.9,SAFEXPRESS,Scheduled
738,1000 2221 5961,3/12/2025 19:39,3,45.6,DHL/24-25/15717,3/11/2025 9:30,Bhagya Enterprises,KENDRAPARA,KENDRAPARA,Odisha,16620.3,SAFEXPRESS,Scheduled
739,1000 2221 5961,3/12/2025 19:39,4,33,DHL/24-25/15717,3/11/2025 9:30,Bhagya Enterprises,KENDRAPARA,KENDRAPARA,Odisha,11670.2,SAFEXPRESS,Scheduled
740,1000 2221 5961,3/12/2025 19:39,1,2.2,DHL/24-25/15752,3/11/2025 14:05,Bhagya Enterprises,KENDRAPARA,KENDRAPARA,Odisha,2365.9,SAFEXPRESS,Scheduled
741,1000 2221 5961,3/12/2025 19:39,2,11.6,DHL/24-25/15800,3/12/2025 16:30,Bhagya Enterprises,KENDRAPARA,KENDRAPARA,Odisha,5947.2,SAFEXPRESS,Scheduled
742,1000 2221 6921,3/12/2025 19:37,3,35.1,DHL/24-25/15624,3/8/2025 9:33,Umerkote,UMARKOTE,NAWRANGPUR,Odisha,10974,SAFEXPRESS,Scheduled
743,1000 2221 6921,3/12/2025 19:37,3,14.7,DHL/24-25/15680,3/10/2025 10:11,Umerkote,UMARKOTE,NAWRANGPUR,Odisha,6637.5,SAFEXPRESS,Scheduled
744,1000 2221 6921,3/12/2025 19:37,4,18,DHL/24-25/15747,3/11/2025 13:58,Umerkote,UMARKOTE,NAWRANGPUR,Odisha,8779.2,SAFEXPRESS,Scheduled
745,1000 2221 6921,3/12/2025 19:37,2,9,DHL/24-25/15747,3/11/2025 13:58,Umerkote,UMARKOTE,NAWRANGPUR,Odisha,4179.56,SAFEXPRESS,Scheduled
746,1000 2221 7212,3/12/2025 19:35,5,83.5,DHL/24-25/15782,3/12/2025 10:05,Maa Kali Enterprise,Agartala,West Tripura,Tripura,33187.5,SAFEXPRESS,All others ODA
747,1000 2221 7212,3/12/2025 19:35,10,164,DHL/24-25/15783,3/12/2025 10:08,Maa Kali Enterprise,Agartala,West Tripura,Tripura,43689.5,SAFEXPRESS,All others ODA
748,1000 2221 6541,3/12/2025 19:34,1,12.1,DHL/24-25/15719,3/11/2025 9:34,AVER SCALES &SYSTEMS,DELHI,DELHI,DELHI,5150.7,SAFEXPRESS,All others ODA
749,1000 2221 6541,3/12/2025 19:34,2,4.4,DHL/24-25/15753,3/11/2025 14:06,AVER SCALES &SYSTEMS,DELHI,DELHI,DELHI,4731.8,SAFEXPRESS,All others ODA
750,1000 2221 6541,3/12/2025 19:34,1,13.6,DHL/24-25/15781,3/12/2025 10:02,AVER SCALES &SYSTEMS,DELHI,DELHI,DELHI,5640.4,SAFEXPRESS,All others ODA
751,1000 2221 7941,3/12/2025 19:33,1,15.1,DHL/24-25/15659,3/10/2025 9:39,DHANSHREE ELECTRONICS,BHUSAWAL,JALGAON,MAHARASHTRA,6018,SAFEXPRESS,All others ODA
752,1000 2221 7941,3/12/2025 19:33,2,82.1,DHL/24-25/15786,3/12/2025 10:11,DHANSHREE ELECTRONICS,BHUSAWAL,JALGAON,MAHARASHTRA,23381.7,SAFEXPRESS,All others ODA
753,1000 2221 4517,3/12/2025 19:31,5,73,DHL/24-25/15716,3/11/2025 9:28,VIJAY KUMAR GIRIDHARILAL,JAMSHEDPUR,EAST SINGHBHUM,Jharkhand,24485,SAFEXPRESS,Scheduled
754,1000 2221 4278,3/12/2025 19:31,2,9.2,DHL/24-25/15768,3/11/2025 14:39,S M ENTERPRISES,VISHAKHAPATNAM,VISHAKHAPATNAM,Andhra Pradesh,5723,SAFEXPRESS,Scheduled
755,1000 2221 4278,3/12/2025 19:31,2,9.6,DHL/24-25/15768,3/11/2025 14:39,S M ENTERPRISES,VISHAKHAPATNAM,VISHAKHAPATNAM,Andhra Pradesh,6619.8,SAFEXPRESS,Scheduled
756,1000 2221 4278,3/12/2025 19:31,2,9,DHL/24-25/15768,3/11/2025 14:39,S M ENTERPRISES,VISHAKHAPATNAM,VISHAKHAPATNAM,Andhra Pradesh,7186.2,SAFEXPRESS,Scheduled
757,1000 2221 5158,3/12/2025 19:30,1,30.6,DHL/24-25/15788,3/12/2025 10:14,MARUDHAR ENTERPRISES,JODHPUR,JODHPUR,Rajasthan,8201,SAFEXPRESS,Scheduled
758,1000 2221 5317,3/12/2025 19:29,1,4.6,DHL/24-25/15759,3/11/2025 14:24,SONAL SCALE COMPANY,SATARA,SATARA,MAHARASHTRA,3056.2,SAFEXPRESS,All others ODA
759,1000 2221 5317,3/12/2025 19:29,10,18,DHL/24-25/15759,3/11/2025 14:24,SONAL SCALE COMPANY,SATARA,SATARA,MAHARASHTRA,16520,SAFEXPRESS,All others ODA
760,1000 2221 5596,3/12/2025 19:29,2,103,DHL/24-25/15741,3/11/2025 13:49,GOPAL PROVISION,AKKALKUWA,NANDURBAR,MAHARASHTRA,32662.4,SAFEXPRESS,All others ODA
761,1000 2221 7785,3/12/2025 19:28,2,9.2,DHL/24-25/15449,3/3/2025 15:58,SANT SALES CORPORATION,SATNA,SATNA,Madhya Pradesh,6419.2,SAFEXPRESS,All others ODA
762,1000 2221 7631,3/12/2025 19:28,5,27,DHL/24-25/15767,3/11/2025 14:37,INNOVATIVE TELE SYSTEMS,GURGAON,GURGAON,Haryana,18467,SAFEXPRESS,All others ODA
763,1000 2221 7472,3/12/2025 19:27,5,11,DHL/24-25/15751,3/11/2025 14:03,SOURAV PAUL,PURULIA,PURULIA,West Bengal,12095,SAFEXPRESS,Scheduled
764,1000 2221 7472,3/12/2025 19:27,10,18,DHL/24-25/15751,3/11/2025 14:03,SOURAV PAUL,PURULIA,PURULIA,West Bengal,16520,SAFEXPRESS,Scheduled
765,274780333,3/12/2025 19:26,1,5,DHL/24-25/15766,3/11/2025 14:35,Vaishnavi Enterprises,Ambivali,THANE,MAHARASHTRA,4242.1,DELHIVERY,All others ODA
766,274780753,3/12/2025 19:24,6,49.8,DHL/24-25/15714,3/11/2025 9:25,S.S SCALE,SRIGANGANAGAR,SRIGANGANAGAR,Rajasthan,15859.2,DELHIVERY,All others ODA
767,274780500,3/12/2025 19:20,1,4.7,DHL/24-25/15678,3/10/2025 10:06,SRI MARKANDEY ENTERPRISES,KARIMNAGAR,KARIMNAGAR,Telangana,3209.6,DELHIVERY,All others ODA
768,274780500,3/12/2025 19:20,2,97.3,DHL/24-25/15765,3/11/2025 14:35,SRI MARKANDEY ENTERPRISES,KARIMNAGAR,KARIMNAGAR,Telangana,24378.8,DELHIVERY,All others ODA
769,274780888,3/12/2025 19:17,2,10,DHL/24-25/15655,3/10/2025 9:35,MAHAJAN ELECTRONIC,RAJOURI,RAJOURI,Jammu and Kashmir,8673,DELHIVERY,All others ODA
770,274780888,3/12/2025 19:17,3,94.8,DHL/24-25/15705,3/11/2025 9:16,MAHAJAN ELECTRONIC,RAJOURI,RAJOURI,Jammu and Kashmir,24762.3,DELHIVERY,All others ODA
771,274781091,3/12/2025 19:14,1,8.5,DHL/24-25/15643,3/8/2025 10:19,Mahaveer Electricals,Kishangarh,Ajmer,Rajasthan,3675.7,DELHIVERY,All others ODA
772,274781091,3/12/2025 19:14,1,8.1,DHL/24-25/15643,3/8/2025 10:19,Mahaveer Electricals,Kishangarh,Ajmer,Rajasthan,3805.5,DELHIVERY,All others ODA
773,274781091,3/12/2025 19:14,1,18,DHL/24-25/15720,3/11/2025 9:36,Mahaveer Electricals,Kishangarh,Ajmer,Rajasthan,6259.9,DELHIVERY,All others ODA
774,274813227,3/12/2025 19:11,2,12.1,DHL/24-25/15425,3/3/2025 11:33,Raghavendra Electronic Scales,ANANTHAPURAMU,ANANTHAPUR,Andhra Pradesh,4696.4,DELHIVERY,All others ODA
775,274813227,3/12/2025 19:11,2,4.6,DHL/24-25/15497,3/5/2025 14:11,Raghavendra Electronic Scales,ANANTHAPURAMU,ANANTHAPUR,Andhra Pradesh,9605.2,DELHIVERY,All others ODA
776,274813227,3/12/2025 19:11,1,2.3,DHL/24-25/15514,3/5/2025 15:23,Raghavendra Electronic Scales,ANANTHAPURAMU,ANANTHAPUR,Andhra Pradesh,4802.6,DELHIVERY,All others ODA
777,274812562,3/12/2025 19:08,1,5.5,DHL/24-25/15748,3/11/2025 13:59,Radheshyam Sales,JAORA,RATLAM,Madhya Pradesh,3321.7,DELHIVERY,All others ODA
778,274812562,3/12/2025 19:08,1,16.7,DHL/24-25/15779,3/12/2025 9:59,Radheshyam Sales,JAORA,RATLAM,Madhya Pradesh,7310.1,DELHIVERY,All others ODA
779,158078027,3/12/2025 19:06,6,13.2,DHL/24-25/15664,3/10/2025 9:49,ISHITA ELECTRICALS,GODHRA,PANCH MAHAL,Gujarat,14514,GATI,All others ODA
780,158078027,3/12/2025 19:06,2,4.4,DHL/24-25/15744,3/11/2025 13:53,ISHITA ELECTRICALS,GODHRA,PANCH MAHAL,Gujarat,11257.2,GATI,All others ODA
781,158077952,3/12/2025 19:05,3,35.1,DHL/24-25/15784,3/12/2025 10:09,NATRAJ ENTERPRISES.,DURG,DURG,Chhattisgarh,14584.8,GATI,Scheduled
782,158077952,3/12/2025 19:05,1,26.5,DHL/24-25/15785,3/12/2025 10:10,NATRAJ ENTERPRISES.,DURG,DURG,Chhattisgarh,8118.4,GATI,Scheduled
783,158077990,3/12/2025 19:03,2,42.3,DHL/24-25/15778,3/12/2025 9:57,ANAND ENTERPRISES,PARBHANI,PARBHANI,MAHARASHTRA,15345.9,GATI,Scheduled
784,158077990,3/12/2025 19:03,1,53.3,DHL/24-25/15795,3/12/2025 13:53,ANAND ENTERPRISES,PARBHANI,PARBHANI,MAHARASHTRA,14224.9,GATI,Scheduled
785,158078010,3/12/2025 19:00,1,16.4,DHL/24-25/15732,3/11/2025 10:02,"OM ENTERPRISES.,",NASHIK,NASHIK,MAHARASHTRA,6318.9,GATI,Scheduled
786,158078034,3/12/2025 18:59,3,13.8,DHL/24-25/15754,3/11/2025 14:08,Berhampur,Berhampur,GANJAM,Odisha,6796.8,GATI,All others ODA
787,158078034,3/12/2025 18:59,5,11,DHL/24-25/15754,3/11/2025 14:08,Berhampur,Berhampur,GANJAM,Odisha,8437,GATI,All others ODA
788,158078041,3/12/2025 18:59,1,4.5,DHL/24-25/15746,3/11/2025 13:56,Jeypore,Jeypore,KORAPUT,Odisha,2089.78,GATI,All others ODA
789,158078058,3/12/2025 18:59,20,92,DHL/24-25/15761,3/11/2025 14:29,NEW MAHAMAYA MARKETING,DALTANGANJ,DALTANGANJ,Jharkhand,55814,GATI,All others ODA
790,158078058,3/12/2025 18:59,10,18,DHL/24-25/15761,3/11/2025 14:29,NEW MAHAMAYA MARKETING,DALTANGANJ,DALTANGANJ,Jharkhand,16520,GATI,All others ODA
791,158077945,3/12/2025 18:58,2,9.6,DHL/24-25/15755,3/11/2025 14:13,SHREE SHYAM AGENCIES,RAMGARH CANTT,RAMGARH CANTT,Jharkhand,6431,GATI,All others ODA
792,158077945,3/12/2025 18:58,2,11,DHL/24-25/15755,3/11/2025 14:13,SHREE SHYAM AGENCIES,RAMGARH CANTT,RAMGARH CANTT,Jharkhand,6808.6,GATI,All others ODA
793,158077945,3/12/2025 18:58,2,9.2,DHL/24-25/15755,3/11/2025 14:13,SHREE SHYAM AGENCIES,RAMGARH CANTT,RAMGARH CANTT,Jharkhand,5581.4,GATI,All others ODA
794,158077945,3/12/2025 18:58,2,4.4,DHL/24-25/15755,3/11/2025 14:13,SHREE SHYAM AGENCIES,RAMGARH CANTT,RAMGARH CANTT,Jharkhand,4613.8,GATI,All others ODA
795,158077969,3/12/2025 18:58,2,54.4,DHL/24-25/15777,3/12/2025 9:56,Bilaspur,Bilaspur,Bilaspur,Chhattisgarh,12142.2,GATI,Scheduled
796,158077983,3/12/2025 18:57,2,97.7,DHL/24-25/15776,3/12/2025 9:53,RENUKA ELECTRONICS,PUNE,PUNE,MAHARASHTRA,29848.1,GATI,Scheduled
797,158078003,3/12/2025 18:57,2,9.2,DHL/24-25/15448,3/3/2025 15:58,LIMRA INSTRUMENTS,VASAI(EAST),PALGHAR,MAHARASHTRA,6242.2,GATI,Scheduled
798,158077976,3/12/2025 18:56,2,82.2,DHL/24-25/15780,3/12/2025 10:00,NITIRAJ SALES,SAGAR,SAGAR,Madhya Pradesh,21540.9,GATI,All others ODA
799,158078140,3/12/2025 18:54,38,91.2,DHL/24-25/15740,3/11/2025 13:48,NEW TECH SYSTEM,KANNUR,KANNUR,Kerala,70510.9,GATI,All others ODA
806,1000 2121 7785,3/12/2025 12:06,2,9.4,DHL/24-25/15573,3/7/2025 11:34,SANT SALES CORPORATION,SATNA,SATNA,Madhya Pradesh,6136,safexpress,All others ODA
812,77654850,3/11/2025 19:51,5,24,DHL/24-25/15683,3/10/2025 10:15,INNOVATIVE TELE SYSTEMS,GURGAON,GURGAON,Haryana,16048,TCI,All others ODA
815,274780236,3/11/2025 19:25,1,26.6,DHL/24-25/15763,3/11/2025 14:33,UNITED WEIGHING SCALES,THANE,THANE,MAHARASHTRA,9923.8,DELHIVERY,All others ODA
816,1.00E+11,3/11/2025 18:41,6,92.2,DHL/24-25/15736,3/11/2025 11:59,ANNAM WEIGHING SYSTEM & SERVICE,CHENNAI,CHENNAI,Tamil Nadu,53902.4,SAFEXPRESS,Scheduled
817,1.00E+11,3/11/2025 18:41,1,5.5,DHL/24-25/15554,3/7/2025 11:09,REED CAMB AND ALLIED PRODUCTS PVT LTD,KOLKATA,KOLKATA,West Bengal,7257,SAFEXPRESS,Scheduled
818,1.00E+11,3/11/2025 18:40,3,34.8,DHL/24-25/15724,3/11/2025 9:44,Maa Kali Enterprise,Agartala,West Tripura,Tripura,14921.1,SAFEXPRESS,All others ODA
819,1.00E+11,3/11/2025 18:39,2,56.3,DHL/24-25/15734,3/11/2025 11:39,SINHA SCIENTIFIC,KATWA-713130,BURDWAN,West Bengal,22715,SAFEXPRESS,Scheduled
820,1.00E+11,3/11/2025 18:38,2,10.8,DHL/24-25/15687,3/10/2025 10:20,MARUDHAR ENTERPRISES,JODHPUR,JODHPUR,Rajasthan,7174.4,SAFEXPRESS,Scheduled
821,1.00E+11,3/11/2025 18:38,10,178,DHL/24-25/15722,3/11/2025 9:41,MARUDHAR ENTERPRISES,JODHPUR,JODHPUR,Rajasthan,54634,SAFEXPRESS,Scheduled
822,1.00E+11,3/11/2025 18:36,3,13.8,DHL/24-25/15570,3/7/2025 11:31,NEW INDIA SCALES ENTERPRISES,NOIDA,GAUTAM BUDDHA NAGAR,Uttar Pradesh,9805.8,SAFEXPRESS,Scheduled
823,1.00E+11,3/11/2025 18:36,4,116,DHL/24-25/15704,3/11/2025 9:14,NEW INDIA SCALES ENTERPRISES,NOIDA,GAUTAM BUDDHA NAGAR,Uttar Pradesh,26078,SAFEXPRESS,Scheduled
824,1.00E+11,3/11/2025 18:34,1,8.1,DHL/24-25/15642,3/8/2025 10:18,S M ENTERPRISES,VISHAKHAPATNAM,VISHAKHAPATNAM,Andhra Pradesh,3840.9,SAFEXPRESS,Scheduled
825,1.00E+11,3/11/2025 18:34,2,9.4,DHL/24-25/15685,3/10/2025 10:17,S M ENTERPRISES,VISHAKHAPATNAM,VISHAKHAPATNAM,Andhra Pradesh,6313,SAFEXPRESS,Scheduled
826,1.00E+11,3/11/2025 18:34,2,5,DHL/24-25/15686,3/10/2025 10:19,S M ENTERPRISES,VISHAKHAPATNAM,VISHAKHAPATNAM,Andhra Pradesh,4731.8,SAFEXPRESS,Scheduled
827,1.00E+11,3/11/2025 18:34,1,8.1,DHL/24-25/15721,3/11/2025 9:39,S M ENTERPRISES,VISHAKHAPATNAM,VISHAKHAPATNAM,Andhra Pradesh,3840.9,SAFEXPRESS,Scheduled
828,77654824,3/11/2025 18:29,1,5,DHL/24-25/15555,3/7/2025 11:11,Berhampur,Berhampur,GANJAM,Odisha,3064.46,TCI,Scheduled
829,77654824,3/11/2025 18:29,4,123.2,DHL/24-25/15718,3/11/2025 9:33,Berhampur,Berhampur,GANJAM,Odisha,27895.2,TCI,Scheduled
830,77654824,3/11/2025 18:29,2,48.2,DHL/24-25/15718,3/11/2025 9:33,Berhampur,Berhampur,GANJAM,Odisha,11139.2,TCI,Scheduled
831,77654824,3/11/2025 18:29,1,30.4,DHL/24-25/15731,3/11/2025 9:57,Berhampur,Berhampur,GANJAM,Odisha,6997.4,TCI,Scheduled
832,77654835,3/11/2025 18:26,1,31.7,DHL/24-25/15633,3/8/2025 9:57,ADITYA ENTERPRISES,Indore,Indore,Madhya Pradesh,8083,TCI,Scheduled
833,77654835,3/11/2025 18:26,4,66,DHL/24-25/15709,3/11/2025 9:20,ADITYA ENTERPRISES,Indore,Indore,Madhya Pradesh,19847.6,TCI,Scheduled
834,158078096,3/11/2025 18:23,1,30.6,DHL/24-25/15712,3/11/2025 9:24,Y.P. ENTERPRISES,Jagdalpur,BASTAR,Chhattisgarh,8201,GATI,Scheduled
835,158078096,3/11/2025 18:23,4,105.6,DHL/24-25/15713,3/11/2025 9:24,Y.P. ENTERPRISES,Jagdalpur,BASTAR,Chhattisgarh,31529.6,GATI,Scheduled
836,158078171,3/11/2025 18:21,2,9.8,DHL/24-25/15726,3/11/2025 9:47,RAJ ELECTRONICS,CHHINDWARA,CHHINDWARA,Madhya Pradesh,3593.1,GATI,All others ODA
837,158078171,3/11/2025 18:21,2,37.4,DHL/24-25/15726,3/11/2025 9:47,RAJ ELECTRONICS,CHHINDWARA,CHHINDWARA,Madhya Pradesh,9558,GATI,All others ODA
838,158078171,3/11/2025 18:21,2,8.7,DHL/24-25/15727,3/11/2025 9:48,RAJ ELECTRONICS,CHHINDWARA,CHHINDWARA,Madhya Pradesh,3416.1,GATI,All others ODA
839,158078157,3/11/2025 18:18,4,9.2,DHL/24-25/15679,3/10/2025 10:08,PATNESWARI ENTERPRIES,Balangir,BALANGIR,Odisha,8826.4,GATI,All others ODA
840,158078157,3/11/2025 18:18,2,31.8,DHL/24-25/15711,3/11/2025 9:21,PATNESWARI ENTERPRIES,Balangir,BALANGIR,Odisha,8330.8,GATI,All others ODA
841,158078126,3/11/2025 18:16,4,18.4,DHL/24-25/15673,3/10/2025 9:58,Jeypore,Jeypore,KORAPUT,Odisha,9251.2,GATI,All others ODA
842,158078126,3/11/2025 18:16,5,22.5,DHL/24-25/15673,3/10/2025 9:58,Jeypore,Jeypore,KORAPUT,Odisha,10974,GATI,All others ODA
843,158078126,3/11/2025 18:16,4,18,DHL/24-25/15673,3/10/2025 9:58,Jeypore,Jeypore,KORAPUT,Odisha,8359.12,GATI,All others ODA
844,158078126,3/11/2025 18:16,4,64.2,DHL/24-25/15715,3/11/2025 9:26,Jeypore,Jeypore,KORAPUT,Odisha,14396,GATI,All others ODA
845,158077891,3/11/2025 18:13,3,95.4,DHL/24-25/15706,3/11/2025 9:17,NITIRAJ ENTERPRISES.,NIZAMABAD,NIZAMABAD,Telangana,24249,GATI,All others ODA
846,158077891,3/11/2025 18:13,2,9.9,DHL/24-25/15706,3/11/2025 9:17,NITIRAJ ENTERPRISES.,NIZAMABAD,NIZAMABAD,Telangana,4118.2,GATI,All others ODA
847,158077891,3/11/2025 18:13,2,32.6,DHL/24-25/15707,3/11/2025 9:18,NITIRAJ ENTERPRISES.,NIZAMABAD,NIZAMABAD,Telangana,12272,GATI,All others ODA
848,158078133,3/11/2025 18:10,23,69,DHL/24-25/15723,3/11/2025 9:43,ACCURACY (P)COMPANY,KOTTAYAM,KOTTAYAM,Kerala,28220.99,GATI,Scheduled
849,158078102,3/11/2025 18:09,20,119,DHL/24-25/15728,3/11/2025 9:53,PHOENIX INDUSTRIAL SERVICE,ANGUL,ANGUL,Odisha,40415,GATI,All others ODA
850,158078102,3/11/2025 18:09,4,4.8,DHL/24-25/15728,3/11/2025 9:53,PHOENIX INDUSTRIAL SERVICE,ANGUL,ANGUL,Odisha,5664,GATI,All others ODA
851,158078102,3/11/2025 18:09,10,82,DHL/24-25/15728,3/11/2025 9:53,PHOENIX INDUSTRIAL SERVICE,ANGUL,ANGUL,Odisha,38114,GATI,All others ODA
852,158078119,3/11/2025 18:08,4,22.6,DHL/24-25/15729,3/11/2025 9:55,SHREE SHYAM AGENCIES,RAMGARH CANTT,RAMGARH CANTT,Jharkhand,9074.2,GATI,All others ODA
853,158077884,3/11/2025 18:05,1,31.8,DHL/24-25/15708,3/11/2025 9:19,Bilaspur,Bilaspur,Bilaspur,Chhattisgarh,7410.4,GATI,Scheduled
854,158077907,3/11/2025 18:03,2,31.8,DHL/24-25/15710,3/11/2025 9:20,ODISHA SALES CORPORATION,SAMBALPUR,SAMBALPUR,Odisha,8330.8,GATI,All others ODA
859,158078225,3/10/2025 19:05,5,23.5,DHL/24-25/15670,3/10/2025 9:54,NITIRAJ ENTERPRISES.,NIZAMABAD,NIZAMABAD,Telangana,20945,GATI,All others ODA
860,158078409,3/10/2025 19:05,4,18,DHL/24-25/15672,3/10/2025 9:56,Bilaspur,Bilaspur,Bilaspur,Chhattisgarh,8779.2,GATI,Scheduled
861,158078256,3/10/2025 18:59,10,18,DHL/24-25/15657,3/10/2025 9:38,Geetanjali enterprises,HAZARIBAG,HAZARIBAG,Jharkhand,16520,GATI,All others ODA
862,158078256,3/10/2025 18:59,5,23,DHL/24-25/15666,3/10/2025 9:51,Geetanjali enterprises,HAZARIBAG,HAZARIBAG,Jharkhand,14573,GATI,All others ODA
863,158078256,3/10/2025 18:59,3,13.8,DHL/24-25/15671,3/10/2025 9:55,Geetanjali enterprises,HAZARIBAG,HAZARIBAG,Jharkhand,9628.8,GATI,All others ODA
864,158078249,3/10/2025 18:58,1,11.7,DHL/24-25/15631,3/8/2025 9:55,SOURABH ENTERPRISES,GIRIDHI SADAR,GIRIDHI,Jharkhand,4944.2,GATI,All others ODA
865,158078249,3/10/2025 18:58,2,9.8,DHL/24-25/15662,3/10/2025 9:43,SOURABH ENTERPRISES,GIRIDHI SADAR,GIRIDHI,Jharkhand,8236.4,GATI,All others ODA
866,158078218,3/10/2025 18:56,2,27.6,DHL/24-25/15658,3/10/2025 9:39,SAMARTH ENTERPRISES,LATUR,LATUR,MAHARASHTRA,11269,GATI,Scheduled
867,158078218,3/10/2025 18:56,3,13.8,DHL/24-25/15663,3/10/2025 9:48,SAMARTH ENTERPRISES,LATUR,LATUR,MAHARASHTRA,8513.7,GATI,Scheduled
868,158078218,3/10/2025 18:56,2,4.4,DHL/24-25/15663,3/10/2025 9:48,SAMARTH ENTERPRISES,LATUR,LATUR,MAHARASHTRA,4708.2,GATI,Scheduled
869,158078218,3/10/2025 18:56,1,2.2,DHL/24-25/15667,3/10/2025 9:53,SAMARTH ENTERPRISES,LATUR,LATUR,MAHARASHTRA,2578.3,GATI,Scheduled
870,158078218,3/10/2025 18:56,1,30.1,DHL/24-25/15668,3/10/2025 9:53,SAMARTH ENTERPRISES,LATUR,LATUR,MAHARASHTRA,8584.5,GATI,Scheduled
871,158078263,3/10/2025 18:54,2,63.2,DHL/24-25/15660,3/10/2025 9:40,Uttam International Export Import,CHHATRAPATI SAMBHAJI NAGAR,CHHATRAPATI SAMBHAJI NAGAR,MAHARASHTRA,19835.8,GATI,Scheduled
872,158078263,3/10/2025 18:54,1,17.7,DHL/24-25/15457,3/3/2025 16:06,Uttam International Export Import,CHHATRAPATI SAMBHAJI NAGAR,CHHATRAPATI SAMBHAJI NAGAR,MAHARASHTRA,9829.4,GATI,Scheduled
873,158078416,3/10/2025 18:51,1,26,DHL/24-25/15625,3/8/2025 9:36,ODISHA SALES CORPORATION,SAMBALPUR,SAMBALPUR,Odisha,7599.2,GATI,All others ODA
874,158078416,3/10/2025 18:51,5,58.5,DHL/24-25/15625,3/8/2025 9:36,ODISHA SALES CORPORATION,SAMBALPUR,SAMBALPUR,Odisha,23600,GATI,All others ODA
875,158078416,3/10/2025 18:51,2,9.6,DHL/24-25/15675,3/10/2025 10:01,ODISHA SALES CORPORATION,SAMBALPUR,SAMBALPUR,Odisha,7693.6,GATI,All others ODA
881,274740359,3/10/2025 18:30,1,4.6,DHL/24-25/15665,3/10/2025 9:50,Radheshyam Sales,JAORA,RATLAM,Madhya Pradesh,2837.9,DELHIVERY,All others ODA
882,274740359,3/10/2025 18:30,2,4.4,DHL/24-25/15665,3/10/2025 9:50,Radheshyam Sales,JAORA,RATLAM,Madhya Pradesh,4708.2,DELHIVERY,All others ODA
883,274740359,3/10/2025 18:30,1,4.8,DHL/24-25/15676,3/10/2025 10:02,Radheshyam Sales,JAORA,RATLAM,Madhya Pradesh,2979.5,DELHIVERY,All others ODA
884,274740359,3/10/2025 18:30,1,4.7,DHL/24-25/15676,3/10/2025 10:02,Radheshyam Sales,JAORA,RATLAM,Madhya Pradesh,2979.5,DELHIVERY,All others ODA
885,274739446,3/10/2025 18:26,2,17.8,DHL/24-25/15540,3/6/2025 13:44,Shiv Shakti Marketing,Raniwara,JALORE,Rajasthan,9038.8,DELHIVERY,All others ODA
886,1.00E+11,3/10/2025 18:21,2,74,DHL/24-25/15700,3/10/2025 17:01,NITIRAJ ENTERPRISES,PATNA,PATNA,Bihar,15994.9,SAFEXPRESS,Scheduled
895,244702321,3/9/2025 18:17,2,12,DHL/24-25/15630,3/8/2025 9:54,Radheshyam Sales,JAORA,RATLAM,Madhya Pradesh,4655.1,DELHIVERY,All others ODA
896,244702321,3/9/2025 18:17,1,10.5,DHL/24-25/15630,3/8/2025 9:54,Radheshyam Sales,JAORA,RATLAM,Madhya Pradesh,3746.5,DELHIVERY,All others ODA
897,244702321,3/9/2025 18:17,1,15.9,DHL/24-25/15630,3/8/2025 9:54,Radheshyam Sales,JAORA,RATLAM,Madhya Pradesh,5504.7,DELHIVERY,All others ODA
898,244702321,3/9/2025 18:17,1,18.2,DHL/24-25/15630,3/8/2025 9:54,Radheshyam Sales,JAORA,RATLAM,Madhya Pradesh,5540.1,DELHIVERY,All others ODA
899,244702321,3/9/2025 18:17,1,0.3,DHL/24-25/15630,3/8/2025 9:54,Radheshyam Sales,JAORA,RATLAM,Madhya Pradesh,790.6,DELHIVERY,All others ODA
900,244702321,3/9/2025 18:17,1,0.3,DHL/24-25/15630,3/8/2025 9:54,Radheshyam Sales,JAORA,RATLAM,Madhya Pradesh,849.6,DELHIVERY,All others ODA
901,244702321,3/9/2025 18:17,2,27.8,DHL/24-25/15635,3/8/2025 10:00,Radheshyam Sales,JAORA,RATLAM,Madhya Pradesh,9947.4,DELHIVERY,All others ODA
902,244702321,3/9/2025 18:17,1,6.5,DHL/24-25/15637,3/8/2025 10:03,Radheshyam Sales,JAORA,RATLAM,Madhya Pradesh,6501.8,DELHIVERY,All others ODA
903,244702321,3/9/2025 18:17,1,6.9,DHL/24-25/15637,3/8/2025 10:03,Radheshyam Sales,JAORA,RATLAM,Madhya Pradesh,11304.4,DELHIVERY,All others ODA
904,244700185,3/9/2025 18:15,2,10,DHL/24-25/15568,3/7/2025 11:28,MAHAJAN ELECTRONIC,RAJOURI,RAJOURI,Jammu and Kashmir,9451.8,DELHIVERY,All others ODA
905,244700185,3/9/2025 18:15,2,56.2,DHL/24-25/15622,3/8/2025 9:31,MAHAJAN ELECTRONIC,RAJOURI,RAJOURI,Jammu and Kashmir,17658.7,DELHIVERY,All others ODA
906,274699680,3/9/2025 18:14,2,9.6,DHL/24-25/15366,2/28/2025 16:34,HOME CHOICE INTERIOR MART,ASHOKNAGAR,ASHOKNAGAR - 473335,Madhya Pradesh,6619.8,DELHIVERY,All others ODA
907,274699680,3/9/2025 18:14,2,9.6,DHL/24-25/15442,3/3/2025 15:50,HOME CHOICE INTERIOR MART,ASHOKNAGAR,ASHOKNAGAR - 473335,Madhya Pradesh,5959,DELHIVERY,All others ODA
908,274699680,3/9/2025 18:14,1,5,DHL/24-25/15559,3/7/2025 11:17,HOME CHOICE INTERIOR MART,ASHOKNAGAR,ASHOKNAGAR - 473335,Madhya Pradesh,4159.5,DELHIVERY,All others ODA
909,274699317,3/9/2025 18:11,1,15.4,DHL/24-25/15382,3/1/2025 11:15,L M SCALES,Sujanpur,PATHANKOT,PUNJAB,5640.4,DELHIVERY,All others ODA
910,274699317,3/9/2025 18:11,1,5,DHL/24-25/15567,3/7/2025 11:27,L M SCALES,Sujanpur,PATHANKOT,PUNJAB,4885.2,DELHIVERY,All others ODA
911,158078195,3/9/2025 18:09,2,10,DHL/24-25/15557,3/7/2025 11:13,Monotech lab Instruments and Calibration,Mumbra,THANE,MAHARASHTRA,8566.8,GATI,Scheduled
912,158078188,3/9/2025 18:08,1,4.5,DHL/24-25/15565,3/7/2025 11:26,Soura Senapati,RAYAGADA,RAYAGADA,Odisha,3115.2,GATI,All others ODA
913,158078355,3/9/2025 18:06,2,11,DHL/24-25/15292,2/26/2025 14:21,Dhakad Sales Corporation,Sironj,VIDISHA,Madhya Pradesh,6844,GATI,All others ODA
914,158078355,3/9/2025 18:06,1,5.5,DHL/24-25/15292,2/26/2025 14:21,Dhakad Sales Corporation,Sironj,VIDISHA,Madhya Pradesh,3575.4,GATI,All others ODA
915,158078355,3/9/2025 18:06,1,4.8,DHL/24-25/15443,3/3/2025 15:51,Dhakad Sales Corporation,Sironj,VIDISHA,Madhya Pradesh,3068,GATI,All others ODA
916,158078355,3/9/2025 18:06,3,13.8,DHL/24-25/15562,3/7/2025 11:24,Dhakad Sales Corporation,Sironj,VIDISHA,Madhya Pradesh,8743.8,GATI,All others ODA
917,158078331,3/9/2025 18:04,5,78,DHL/24-25/15632,3/8/2025 9:56,NITIRAJ ENTERPRISES.,NIZAMABAD,NIZAMABAD,Telangana,27199,GATI,All others ODA
918,158078317,3/9/2025 18:00,10,117,DHL/24-25/15626,3/8/2025 9:38,Jeypore,Jeypore,KORAPUT,Odisha,36580,GATI,All others ODA
919,158078300,3/9/2025 17:58,4,18.4,DHL/24-25/15580,3/7/2025 11:47,PATNESWARI ENTERPRIES,Balangir,BALANGIR,Odisha,11894.4,GATI,All others ODA
920,158078300,3/9/2025 17:58,2,30.2,DHL/24-25/15627,3/8/2025 9:45,PATNESWARI ENTERPRIES,Balangir,BALANGIR,Odisha,10714.4,GATI,All others ODA
921,158078300,3/9/2025 17:58,4,47.2,DHL/24-25/15627,3/8/2025 9:45,PATNESWARI ENTERPRIES,Balangir,BALANGIR,Odisha,18596.8,GATI,All others ODA
922,158078300,3/9/2025 17:58,8,93.6,DHL/24-25/15627,3/8/2025 9:45,PATNESWARI ENTERPRIES,Balangir,BALANGIR,Odisha,37760,GATI,All others ODA
923,158078300,3/9/2025 17:58,2,17,DHL/24-25/15627,3/8/2025 9:45,PATNESWARI ENTERPRIES,Balangir,BALANGIR,Odisha,7504.8,GATI,All others ODA
924,158078300,3/9/2025 17:58,2,37.8,DHL/24-25/15636,3/8/2025 10:01,PATNESWARI ENTERPRIES,Balangir,BALANGIR,Odisha,10785.2,GATI,All others ODA
925,158078294,3/9/2025 17:56,4,18.4,DHL/24-25/15564,3/7/2025 11:25,SAMARTH ENTERPRISES,LATUR,LATUR,MAHARASHTRA,11351.6,GATI,Scheduled
926,158078294,3/9/2025 17:56,1,25,DHL/24-25/15576,3/7/2025 11:40,SAMARTH ENTERPRISES,LATUR,LATUR,MAHARASHTRA,8006.3,GATI,Scheduled
927,158078287,3/9/2025 17:54,2,13.1,DHL/24-25/15458,3/3/2025 16:07,Nextstep Technology,KOLHAPUR,KOLHAPUR,MAHARASHTRA,5498.8,GATI,Scheduled
928,158078287,3/9/2025 17:54,1,2.2,DHL/24-25/15560,3/7/2025 11:20,Nextstep Technology,KOLHAPUR,KOLHAPUR,MAHARASHTRA,2690.4,GATI,Scheduled
929,158078270,3/9/2025 17:48,10,151,DHL/24-25/15628,3/8/2025 9:46,Y.P. ENTERPRISES,Jagdalpur,BASTAR,Chhattisgarh,53572,GATI,Scheduled
930,158078348,3/9/2025 17:47,80,192,DHL/24-25/15646,3/8/2025 14:08,NEW TECH SYSTEM,KANNUR,KANNUR,Kerala,148444,GATI,Scheduled
931,1.00E+11,3/9/2025 17:44,2,9.8,DHL/24-25/15572,3/7/2025 11:33,N A SERVICES,GADCHIROLI,GARHCHIROLI,MAHARASHTRA,7988.6,SAFEXPRESS,All others ODA
932,1.00E+11,3/9/2025 17:41,3,54.6,DHL/24-25/15623,3/8/2025 9:32,SAMAPTI WEIGHING SERVICE,NUAPADA,NAUPADA,Odisha,20089.5,SAFEXPRESS,Scheduled
933,1.00E+11,3/9/2025 17:40,4,17,DHL/24-25/15645,3/8/2025 10:22,Maa Kali Enterprise,Agartala,West Tripura,Tripura,7351.4,SAFEXPRESS,All others ODA
934,1.00E+11,3/9/2025 17:40,4,4.8,DHL/24-25/15645,3/8/2025 10:22,Maa Kali Enterprise,Agartala,West Tripura,Tripura,5900,SAFEXPRESS,All others ODA
935,1.00E+11,3/9/2025 17:37,1,6.9,DHL/24-25/15638,3/8/2025 10:04,Maa Kali Enterprise,Agartala,West Tripura,Tripura,11422.4,SAFEXPRESS,All others ODA
936,1.00E+11,3/9/2025 17:37,2,13.4,DHL/24-25/15638,3/8/2025 10:04,Maa Kali Enterprise,Agartala,West Tripura,Tripura,25393.6,SAFEXPRESS,All others ODA
937,274716755,3/9/2025 14:09,31,452.6,DHL/24-25/15604,3/7/2025 15:15,LINKWELL TELESYSTEMS PVT LTD (ARUNACHAL PRADESH),BEGUMPET,HYDERABAD,Telangana,153054.38,DELHIVERY,All others ODA
938,274716786,3/9/2025 14:08,67,978.2,DHL/24-25/15606,3/7/2025 15:19,LINKWELL TELESYSTEMS PVT LTD (ARUNACHAL PRADESH),BEGUMPET,HYDERABAD,Telangana,330794.95,DELHIVERY,All others ODA
939,274716806,3/9/2025 14:08,80,1168,DHL/24-25/15605,3/7/2025 15:18,LINKWELL TELESYSTEMS PVT LTD (ARUNACHAL PRADESH),BEGUMPET,HYDERABAD,Telangana,394979.04,DELHIVERY,All others ODA
940,274716944,3/9/2025 14:04,86,1255.6,DHL/24-25/15608,3/7/2025 15:48,LINKWELL TELESYSTEMS PVT LTD (ARUNACHAL PRADESH),BEGUMPET,HYDERABAD,Telangana,424602.47,DELHIVERY,All others ODA
941,274717013,3/9/2025 14:03,105,1533,DHL/24-25/15611,3/7/2025 15:51,LINKWELL TELESYSTEMS PVT LTD (ARUNACHAL PRADESH),BEGUMPET,HYDERABAD,Telangana,518409.99,DELHIVERY,All others ODA
942,274717197,3/9/2025 14:03,67,978.2,DHL/24-25/15612,3/7/2025 15:52,LINKWELL TELESYSTEMS PVT LTD (ARUNACHAL PRADESH),BEGUMPET,HYDERABAD,Telangana,330794.95,DELHIVERY,All others ODA
943,274717230,3/9/2025 14:02,40,584,DHL/24-25/15613,3/7/2025 15:53,LINKWELL TELESYSTEMS PVT LTD (ARUNACHAL PRADESH),BEGUMPET,HYDERABAD,Telangana,197489.52,DELHIVERY,All others ODA
944,274717278,3/9/2025 14:00,90,1314,DHL/24-25/15616,3/7/2025 15:57,LINKWELL TELESYSTEMS PVT LTD (ARUNACHAL PRADESH),BEGUMPET,HYDERABAD,Telangana,444351.42,DELHIVERY,All others ODA
945,274717466,3/9/2025 13:59,110,1606,DHL/24-25/15617,3/7/2025 15:58,LINKWELL TELESYSTEMS PVT LTD (ARUNACHAL PRADESH),BEGUMPET,HYDERABAD,Telangana,543096.18,DELHIVERY,All others ODA
947,1000 2210 4091,3/8/2025 19:54,30,9,DHL/24-25/15634,3/8/2025 9:59,Sagar Sales.,DARJEELING,DARJEELING,West Bengal,25700.4,SAFEXPRESS,Scheduled
948,274688643,3/8/2025 19:11,85,1241,DHL/24-25/15596,3/7/2025 14:34,LINKWELL TELESYSTEMS PVT LTD (ARUNACHAL PRADESH),BEGUMPET,HYDERABAD,Telangana,419665.23,DELHIVERY,All others ODA
949,274691791,3/8/2025 19:10,52,759.2,DHL/24-25/15598,3/7/2025 14:37,LINKWELL TELESYSTEMS PVT LTD (ARUNACHAL PRADESH),BEGUMPET,HYDERABAD,Telangana,256736.38,DELHIVERY,All others ODA
950,274696209,3/8/2025 19:09,132,1927.2,DHL/24-25/15599,3/7/2025 14:39,LINKWELL TELESYSTEMS PVT LTD (ARUNACHAL PRADESH),BEGUMPET,HYDERABAD,Telangana,651715.42,DELHIVERY,All others ODA
951,274699056,3/8/2025 19:07,59,861.4,DHL/24-25/15601,3/7/2025 15:10,LINKWELL TELESYSTEMS PVT LTD (ARUNACHAL PRADESH),BEGUMPET,HYDERABAD,Telangana,291297.05,DELHIVERY,All others ODA
952,274700364,3/8/2025 19:07,122,1781.2,DHL/24-25/15602,3/7/2025 15:12,LINKWELL TELESYSTEMS PVT LTD (ARUNACHAL PRADESH),BEGUMPET,HYDERABAD,Telangana,602343.04,DELHIVERY,All others ODA
953,274708921,3/8/2025 19:06,129,1883.4,DHL/24-25/15603,3/7/2025 15:13,LINKWELL TELESYSTEMS PVT LTD (ARUNACHAL PRADESH),BEGUMPET,HYDERABAD,Telangana,636903.71,DELHIVERY,All others ODA
954,1000 2210 7856,3/8/2025 19:04,9,41.4,DHL/24-25/15579,3/7/2025 11:45,SONAL SCALE COMPANY,SATARA,SATARA,MAHARASHTRA,27505.8,SAFEXPRESS,All others ODA
955,1000 2210 8150,3/8/2025 19:03,2,25,DHL/24-25/15581,3/7/2025 11:48,MITTAL ELECTRONICS,AMRAVATI,AMRAVATI,MAHARASHTRA,8018.1,SAFEXPRESS,All others ODA
956,1000 2210 8150,3/8/2025 19:03,1,16,DHL/24-25/15398,3/1/2025 14:10,MITTAL ELECTRONICS,AMRAVATI,AMRAVATI,MAHARASHTRA,6566.7,SAFEXPRESS,All others ODA
957,1000 2210 8486,3/8/2025 19:01,1,2,DHL/24-25/15104,2/20/2025 9:10,Modern Scales,Edakkara,MALLAPURAM,Kerala,2277.4,SAFEXPRESS,Scheduled
958,1000 2210 8486,3/8/2025 19:01,1,2,DHL/24-25/15104,2/20/2025 9:10,Modern Scales,Edakkara,MALLAPURAM,Kerala,2277.4,SAFEXPRESS,Scheduled
959,1000 2210 8486,3/8/2025 19:01,10,47,DHL/24-25/15566,3/7/2025 11:27,Modern Scales,Edakkara,MALLAPURAM,Kerala,36226,SAFEXPRESS,Scheduled
960,158078324,3/8/2025 18:02,5,93.5,DHL/24-25/15649,3/8/2025 16:38,Vansh Scales & Lockers,BANGALORE,BANGALORE,Karnataka,31830.5,GATI,Scheduled
967,1.00E+11,3/8/2025 10:16,1,4.5,DHL/24-25/15558,3/7/2025 11:14,Sambalpur,SAMBALPUR,SAMBALPUR,Odisha,2089.78,SAFEXPRESS,Scheduled
968,274668884,3/7/2025 19:29,21,306.6,DHL/24-25/15597,3/7/2025 14:36,LINKWELL TELESYSTEMS PVT LTD (ARUNACHAL PRADESH),BEGUMPET,HYDERABAD,Telangana,103682,DELHIVERY,All others ODA
969,274667877,3/7/2025 19:27,49,715.4,DHL/24-25/15595,3/7/2025 14:32,LINKWELL TELESYSTEMS PVT LTD (ARUNACHAL PRADESH),BEGUMPET,HYDERABAD,Telangana,241924.67,DELHIVERY,All others ODA
970,274669907,3/7/2025 19:26,38,554.8,DHL/24-25/15593,3/7/2025 14:06,LINKWELL TELESYSTEMS PVT LTD (ARUNACHAL PRADESH),BEGUMPET,HYDERABAD,Telangana,187615.05,DELHIVERY,All others ODA
971,274665459,3/7/2025 19:25,92,1343.2,DHL/24-25/15594,3/7/2025 14:30,LINKWELL TELESYSTEMS PVT LTD (ARUNACHAL PRADESH),BEGUMPET,HYDERABAD,Telangana,454225.9,DELHIVERY,All others ODA
972,274663933,3/7/2025 19:24,96,1401.6,DHL/24-25/15592,3/7/2025 14:05,LINKWELL TELESYSTEMS PVT LTD (ARUNACHAL PRADESH),BEGUMPET,HYDERABAD,Telangana,473974.85,DELHIVERY,All others ODA
973,274663218,3/7/2025 19:24,24,350.4,DHL/24-25/15591,3/7/2025 14:03,LINKWELL TELESYSTEMS PVT LTD (ARUNACHAL PRADESH),BEGUMPET,HYDERABAD,Telangana,118493.72,DELHIVERY,All others ODA
974,274662492,3/7/2025 19:23,70,1022,DHL/24-25/15590,3/7/2025 13:44,LINKWELL TELESYSTEMS PVT LTD (ARUNACHAL PRADESH),BEGUMPET,HYDERABAD,Telangana,345606.66,DELHIVERY,All others ODA
975,274661924,3/7/2025 19:22,33,481.8,DHL/24-25/15589,3/7/2025 13:42,LINKWELL TELESYSTEMS PVT LTD (ARUNACHAL PRADESH),BEGUMPET,HYDERABAD,Telangana,162928.86,DELHIVERY,All others ODA
976,244660947,3/7/2025 19:21,27,394.2,DHL/24-25/15588,3/7/2025 13:41,LINKWELL TELESYSTEMS PVT LTD (ARUNACHAL PRADESH),BEGUMPET,HYDERABAD,Telangana,133305.43,DELHIVERY,All others ODA
978,274666613,3/7/2025 16:59,1,4.9,DHL/24-25/15561,3/7/2025 11:22,Vaishnavi Electronics,Kathua,Kathua,Jammu and Kashmir,3894,DELHIVERY,All others ODA
981,1.00E+11,3/7/2025 10:28,5,23,DHL/24-25/15509,3/5/2025 14:38,Sambalpur,SAMBALPUR,SAMBALPUR,Odisha,10679,SAFEXPRESS,Scheduled
982,1.00E+11,3/7/2025 10:28,4,9.2,DHL/24-25/15509,3/5/2025 14:38,Sambalpur,SAMBALPUR,SAMBALPUR,Odisha,6230.4,SAFEXPRESS,Scheduled
983,1.00E+11,3/7/2025 10:24,3,25.5,DHL/24-25/15383,3/1/2025 11:17,KARUNA MACHINE MART,Jalsara,PASCHIM MEDINIPUR,West Bengal,12106.8,SAFEXPRESS,Scheduled
984,1.00E+11,3/7/2025 10:24,3,13.8,DHL/24-25/15453,3/3/2025 16:01,KARUNA MACHINE MART,Jalsara,PASCHIM MEDINIPUR,West Bengal,10089,SAFEXPRESS,Scheduled
985,1.00E+11,3/7/2025 10:24,1,5.1,DHL/24-25/15498,3/5/2025 14:12,KARUNA MACHINE MART,Jalsara,PASCHIM MEDINIPUR,West Bengal,4696.4,SAFEXPRESS,Scheduled
986,1.00E+11,3/7/2025 10:24,3,15,DHL/24-25/15498,3/5/2025 14:12,KARUNA MACHINE MART,Jalsara,PASCHIM MEDINIPUR,West Bengal,13558.2,SAFEXPRESS,Scheduled
987,274630227,3/6/2025 18:17,1,15.6,DHL/24-25/15423,3/3/2025 11:30,Nitiraj Agencies,BASTI,BASTI,Uttar Pradesh,6018,DELHIVERY,All others ODA
988,274630227,3/6/2025 18:17,2,9.2,DHL/24-25/15450,3/3/2025 15:59,Nitiraj Agencies,BASTI,BASTI,Uttar Pradesh,6419.2,DELHIVERY,All others ODA
989,274629936,3/6/2025 18:15,1,4.7,DHL/24-25/15510,3/5/2025 14:40,Radheshyam Sales,JAORA,RATLAM,Madhya Pradesh,3121.1,DELHIVERY,All others ODA
990,274629936,3/6/2025 18:15,1,6.8,DHL/24-25/15510,3/5/2025 14:40,Radheshyam Sales,JAORA,RATLAM,Madhya Pradesh,3463.3,DELHIVERY,All others ODA
991,274629936,3/6/2025 18:15,2,32.8,DHL/24-25/15533,3/6/2025 11:32,Radheshyam Sales,JAORA,RATLAM,Madhya Pradesh,11221.8,DELHIVERY,All others ODA
992,274629936,3/6/2025 18:15,2,36,DHL/24-25/15535,3/6/2025 11:35,Radheshyam Sales,JAORA,RATLAM,Madhya Pradesh,11292.6,DELHIVERY,All others ODA
993,274629936,3/6/2025 18:15,2,37.4,DHL/24-25/15536,3/6/2025 11:36,Radheshyam Sales,JAORA,RATLAM,Madhya Pradesh,9558,DELHIVERY,All others ODA
994,274629795,3/6/2025 18:12,15,30,DHL/24-25/15501,3/5/2025 14:20,S K DIGITAL SERVICE,LANJA,RATNAGIRI,MAHARASHTRA,44781,DELHIVERY,All others ODA
995,274630478,3/6/2025 18:11,2,56.2,DHL/24-25/15528,3/6/2025 11:21,MAHAJAN ELECTRONIC,RAJOURI,RAJOURI,Jammu and Kashmir,19375.6,DELHIVERY,All others ODA
996,158078539,3/6/2025 18:09,6,109.2,DHL/24-25/15538,3/6/2025 13:41,NITIRAJ ENTERPRISES.,NIZAMABAD,NIZAMABAD,Telangana,36532.8,GATI,All others ODA
997,158078539,3/6/2025 18:09,4,18.2,DHL/24-25/15539,3/6/2025 13:42,NITIRAJ ENTERPRISES.,NIZAMABAD,NIZAMABAD,Telangana,6631.6,GATI,All others ODA
998,158078539,3/6/2025 18:09,4,23.8,DHL/24-25/15539,3/6/2025 13:42,NITIRAJ ENTERPRISES.,NIZAMABAD,NIZAMABAD,Telangana,7882.4,GATI,All others ODA
999,158078522,3/6/2025 18:07,1,4.6,DHL/24-25/15451,3/3/2025 16:00,SAHARA SCALE SERVICES,DOMBIVALI,THANE,MAHARASHTRA,3209.6,GATI,Scheduled
1000,158078522,3/6/2025 18:07,1,4.6,DHL/24-25/15452,3/3/2025 16:01,SAHARA SCALE SERVICES,DOMBIVALI,THANE,MAHARASHTRA,3209.6,GATI,Scheduled
1001,158078522,3/6/2025 18:07,1,2.2,DHL/24-25/15502,3/5/2025 14:23,SAHARA SCALE SERVICES,DOMBIVALI,THANE,MAHARASHTRA,2419,GATI,Scheduled
1002,158078522,3/6/2025 18:07,1,2.2,DHL/24-25/15545,3/6/2025 15:32,SAHARA SCALE SERVICES,DOMBIVALI,THANE,MAHARASHTRA,2796.6,GATI,Scheduled
1003,158078515,3/6/2025 18:05,1,6.5,DHL/24-25/15504,3/5/2025 14:23,Raigarh,Raigarh,Raigarh,Chhattisgarh,2998.38,GATI,Scheduled
1004,158078515,3/6/2025 18:05,2,9.6,DHL/24-25/15506,3/5/2025 14:28,Raigarh,Raigarh,Raigarh,Chhattisgarh,4507.6,GATI,Scheduled
1005,158078515,3/6/2025 18:05,5,23,DHL/24-25/15506,3/5/2025 14:28,Raigarh,Raigarh,Raigarh,Chhattisgarh,10679,GATI,Scheduled
1006,158078515,3/6/2025 18:05,5,11.5,DHL/24-25/15506,3/5/2025 14:28,Raigarh,Raigarh,Raigarh,Chhattisgarh,7788,GATI,Scheduled
1007,158078515,3/6/2025 18:05,5,34.5,DHL/24-25/15531,3/6/2025 11:24,Raigarh,Raigarh,Raigarh,Chhattisgarh,38055,GATI,Scheduled
1008,158078461,3/6/2025 18:02,1,11.7,DHL/24-25/15488,3/5/2025 9:25,SOURABH ENTERPRISES,GIRIDHI SADAR,GIRIDHI,Jharkhand,4944.2,GATI,All others ODA
1009,158078478,3/6/2025 18:01,1,4.6,DHL/24-25/15505,3/5/2025 14:26,Jeypore,Jeypore,KORAPUT,Odisha,2312.8,GATI,All others ODA
1010,158078508,3/6/2025 18:00,2,10,DHL/24-25/15496,3/5/2025 14:10,Bilaspur,Bilaspur,Bilaspur,Chhattisgarh,5869.32,GATI,Scheduled
1011,158078508,3/6/2025 18:00,6,27.6,DHL/24-25/15496,3/5/2025 14:10,Bilaspur,Bilaspur,Bilaspur,Chhattisgarh,17919.48,GATI,Scheduled
1012,158078492,3/6/2025 17:59,1,25,DHL/24-25/15534,3/6/2025 11:34,PATNESWARI ENTERPRIES,Balangir,BALANGIR,Odisha,7198,GATI,All others ODA
1013,158078492,3/6/2025 17:59,1,29.8,DHL/24-25/15534,3/6/2025 11:34,PATNESWARI ENTERPRIES,Balangir,BALANGIR,Odisha,7847,GATI,All others ODA
1014,158078492,3/6/2025 17:59,5,40.5,DHL/24-25/15534,3/6/2025 11:34,PATNESWARI ENTERPRIES,Balangir,BALANGIR,Odisha,17995,GATI,All others ODA
1015,158078485,3/6/2025 17:58,10,46,DHL/24-25/15508,3/5/2025 14:36,ODISHA SALES CORPORATION,SAMBALPUR,SAMBALPUR,Odisha,29736,GATI,All others ODA
1016,158078485,3/6/2025 17:58,10,23,DHL/24-25/15508,3/5/2025 14:36,ODISHA SALES CORPORATION,SAMBALPUR,SAMBALPUR,Odisha,22066,GATI,All others ODA
1017,158078454,3/6/2025 17:57,2,13.8,DHL/24-25/15530,3/6/2025 11:24,OMM ENTERPRISE,BERHAMPORE,MURSHIDABAD,West Bengal,20768,GATI,All others ODA
1023,1.00E+11,3/5/2025 18:12,35,10.5,DHL/24-25/15471,3/4/2025 16:01,VENKATESWARA WEIGHING SERVICES,Vijaywada,KRISHNA,Andhra Pradesh,29901.2,SAFEXPRESS,Scheduled
1024,1.00E+11,3/5/2025 18:11,2,16.2,DHL/24-25/15487,3/5/2025 9:25,Sambalpur,SAMBALPUR,SAMBALPUR,Odisha,4248,SAFEXPRESS,Scheduled
1025,1.00E+11,3/5/2025 18:10,1,31.7,DHL/24-25/15482,3/5/2025 9:15,ADITYA ENTERPRISES,Indore,Indore,Madhya Pradesh,8083,SAFEXPRESS,All others ODA
1026,1.00E+11,3/5/2025 18:08,1,5,DHL/24-25/15437,3/3/2025 15:45,BALAJI ENTERPRISES,MORADABAD,MORADABAD,Uttar Pradesh,4472.2,SAFEXPRESS,Scheduled
1027,1.00E+11,3/5/2025 18:08,1,5,DHL/24-25/15500,3/5/2025 14:16,BALAJI ENTERPRISES,MORADABAD,MORADABAD,Uttar Pradesh,4472.2,SAFEXPRESS,Scheduled
1028,274593356,3/5/2025 18:05,30,246,DHL/24-25/15468,3/4/2025 15:56,M/S. Bikash Enterprises,AMBADOLA,RAYAGADA,Odisha,114342,DELHIVERY,All others ODA
1029,274594434,3/5/2025 18:04,2,16.4,DHL/24-25/15470,3/4/2025 15:59,Radheshyam Sales,JAORA,RATLAM,Madhya Pradesh,7622.8,GATI,All others ODA
1030,274594434,3/5/2025 18:04,1,13.05,DHL/24-25/15484,3/5/2025 9:21,Radheshyam Sales,JAORA,RATLAM,Madhya Pradesh,5162.5,GATI,All others ODA
1031,274594434,3/5/2025 18:04,1,8.1,DHL/24-25/15484,3/5/2025 9:21,Radheshyam Sales,JAORA,RATLAM,Madhya Pradesh,3770.1,GATI,All others ODA
1032,274594434,3/5/2025 18:04,1,15,DHL/24-25/15484,3/5/2025 9:21,Radheshyam Sales,JAORA,RATLAM,Madhya Pradesh,4041.5,GATI,All others ODA
1033,274594434,3/5/2025 18:04,1,6.7,DHL/24-25/15485,3/5/2025 9:22,Radheshyam Sales,JAORA,RATLAM,Madhya Pradesh,12696.8,GATI,All others ODA
1034,158078614,3/5/2025 18:01,1,15.5,DHL/24-25/15400,3/1/2025 14:12,"OM ENTERPRISES.,",NASHIK,NASHIK,MAHARASHTRA,6838.1,GATI,Scheduled
1035,158078614,3/5/2025 18:01,3,97,DHL/24-25/15511,3/5/2025 15:02,"OM ENTERPRISES.,",NASHIK,NASHIK,MAHARASHTRA,23428.9,GATI,Scheduled
1036,158078621,3/5/2025 17:53,4,23,DHL/24-25/15483,3/5/2025 9:19,ODISHA SALES CORPORATION,SAMBALPUR,SAMBALPUR,Odisha,8873.6,GATI,All others ODA
1037,158078621,3/5/2025 17:53,5,42.5,DHL/24-25/15483,3/5/2025 9:19,ODISHA SALES CORPORATION,SAMBALPUR,SAMBALPUR,Odisha,19470,GATI,All others ODA
1038,158078621,3/5/2025 17:53,5,40,DHL/24-25/15483,3/5/2025 9:19,ODISHA SALES CORPORATION,SAMBALPUR,SAMBALPUR,Odisha,17641,GATI,All others ODA
1039,158078584,3/5/2025 17:51,10,117,DHL/24-25/15486,3/5/2025 9:24,Y.P. ENTERPRISES,Jagdalpur,BASTAR,Chhattisgarh,47200,GATI,Scheduled
1040,158078584,3/5/2025 17:51,10,187,DHL/24-25/15486,3/5/2025 9:24,Y.P. ENTERPRISES,Jagdalpur,BASTAR,Chhattisgarh,47790,GATI,Scheduled
1045,1.00E+11,3/5/2025 10:47,2,11,DHL/24-25/15258,2/25/2025 9:25,Darshan Vikri Kendra,WARDHA,WARDHA,MAHARASHTRA,7103.6,SAFEXPRESS,All others ODA
1046,1.00E+11,3/5/2025 10:47,2,9.2,DHL/24-25/15447,3/3/2025 15:57,Darshan Vikri Kendra,WARDHA,WARDHA,MAHARASHTRA,6419.2,SAFEXPRESS,All others ODA
1047,1.00E+11,3/5/2025 10:47,2,9.2,DHL/24-25/15447,3/3/2025 15:57,Darshan Vikri Kendra,WARDHA,WARDHA,MAHARASHTRA,6726,SAFEXPRESS,All others ODA
1050,1.00E+11,3/5/2025 10:45,1,2.3,DHL/24-25/15436,3/3/2025 15:44,RADIANT ELECTRONICS,BANGALORE,BANGALORE,Karnataka,4106.4,SAFEXPRESS,All others ODA
1051,1.00E+11,3/5/2025 10:45,2,4.6,DHL/24-25/15480,3/4/2025 17:16,RADIANT ELECTRONICS,BANGALORE,BANGALORE,Karnataka,9883.68,SAFEXPRESS,All others ODA
1052,1.00E+11,3/5/2025 10:45,4,9.2,DHL/24-25/15481,3/4/2025 17:20,RADIANT ELECTRONICS,BANGALORE,BANGALORE,Karnataka,16425.6,SAFEXPRESS,All others ODA
1053,1.00E+11,3/5/2025 10:45,5,12,DHL/24-25/15481,3/4/2025 17:20,RADIANT ELECTRONICS,BANGALORE,BANGALORE,Karnataka,20532,SAFEXPRESS,All others ODA
1054,158078676,3/4/2025 18:10,10,18,DHL/24-25/15445,3/3/2025 15:54,SAMARTH ENTERPRISES,LATUR,LATUR,MAHARASHTRA,16520,GATI,Scheduled
1055,158078676,3/4/2025 18:10,3,90,DHL/24-25/15459,3/3/2025 16:08,SAMARTH ENTERPRISES,LATUR,LATUR,MAHARASHTRA,25010.1,GATI,Scheduled
1056,158078683,3/4/2025 18:07,9,40.5,DHL/24-25/15444,3/3/2025 15:52,Soura Senapati,RAYAGADA,RAYAGADA,Odisha,28036.8,GATI,All others ODA
1057,158078690,3/4/2025 18:06,3,35.1,DHL/24-25/15429,3/3/2025 11:38,SOURABH ENTERPRISES,GIRIDHI SADAR,GIRIDHI,Jharkhand,14832.6,GATI,All others ODA
1058,158078690,3/4/2025 18:06,3,24.6,DHL/24-25/15429,3/3/2025 11:38,SOURABH ENTERPRISES,GIRIDHI SADAR,GIRIDHI,Jharkhand,11363.4,GATI,All others ODA
1059,158078669,3/4/2025 18:04,1,4.8,DHL/24-25/15440,3/3/2025 15:48,INDIAN FORWARD COMPANY,NAGERCOIL,NAGERCOIL,Tamil Nadu,3817.3,GATI,All others ODA
1060,158078669,3/4/2025 18:04,1,4.6,DHL/24-25/15440,3/3/2025 15:48,INDIAN FORWARD COMPANY,NAGERCOIL,NAGERCOIL,Tamil Nadu,3675.7,GATI,All others ODA
1063,1000 2197 5255,3/4/2025 10:33,2,9,DHL/24-25/15441,3/3/2025 15:49,Sambalpur,SAMBALPUR,SAMBALPUR,Odisha,4179.56,SAFEXPRESS,Scheduled
1064,1000 2197 5312,3/4/2025 10:31,2,9.4,DHL/24-25/15439,3/3/2025 15:46,D H Weighing Scales,Kukatpally,MEDCHAL-MALKAJIGIRI,Telangana,7316,SAFEXPRESS,Ac
1065,1000 2197 5181,3/4/2025 10:31,10,18,DHL/24-25/15446,3/3/2025 15:55,Desire Electro,TEZPUR,SONITPUR,Assam,16874,SAFEXPRESS,Scheduled
1066,1000 2197 5086,3/4/2025 10:30,2,9.4,DHL/24-25/14768,2/7/2025 10:08,MAA ENTERPRISES (Do not use),PADAMPUR,BARGARH,Odisha,7988.6,SAFEXPRESS,Scheduled
1067,158078782,3/3/2025 18:35,3,13.8,DHL/24-25/15430,3/3/2025 12:06,"Shree Enterprises,(Beed)",BEED,BEED,MAHARASHTRA,9628.8,GATI,Scheduled
1068,158078782,3/3/2025 18:35,3,16.5,DHL/24-25/15430,3/3/2025 12:06,"Shree Enterprises,(Beed)",BEED,BEED,MAHARASHTRA,11080.2,GATI,Scheduled
1069,158078799,3/3/2025 18:35,3,13.5,DHL/24-25/15395,3/1/2025 14:06,LIMRA INSTRUMENTS,VASAI(EAST),PALGHAR,MAHARASHTRA,11363.4,GATI,Scheduled
1070,158078805,3/3/2025 18:34,2,29.8,DHL/24-25/15404,3/1/2025 14:18,N A SERVICES,GADCHIROLI,GARHCHIROLI,MAHARASHTRA,12189.4,GATI,Scheduled
1071,158078768,3/3/2025 18:33,1,5,DHL/24-25/14991,2/15/2025 10:08,SAHARA SCALE SERVICES,DOMBIVALI,THANE,MAHARASHTRA,4283.4,GATI,Scheduled
1072,158078768,3/3/2025 18:33,1,5.1,DHL/24-25/14991,2/15/2025 10:08,SAHARA SCALE SERVICES,DOMBIVALI,THANE,MAHARASHTRA,4696.4,GATI,Scheduled
1073,158078768,3/3/2025 18:33,1,2.3,DHL/24-25/15406,3/1/2025 14:20,SAHARA SCALE SERVICES,DOMBIVALI,THANE,MAHARASHTRA,5628.6,GATI,Scheduled
1074,158078775,3/3/2025 18:31,2,35.7,DHL/24-25/15397,3/1/2025 14:09,SAMARTH ENTERPRISES,LATUR,LATUR,MAHARASHTRA,13162.9,GATI,Scheduled
1075,158078775,3/3/2025 18:31,2,57.8,DHL/24-25/15399,3/1/2025 14:11,SAMARTH ENTERPRISES,LATUR,LATUR,MAHARASHTRA,17169,GATI,Scheduled
1076,158078812,3/3/2025 18:26,1,4.8,DHL/24-25/15017,2/15/2025 10:58,Sri Ganesh Power Systems,BELLARY,BELLARY,Karnataka,3363,GATI,Scheduled
1077,158078812,3/3/2025 18:26,1,2.2,DHL/24-25/15252,2/25/2025 9:18,Sri Ganesh Power Systems,BELLARY,BELLARY,Karnataka,2796.6,GATI,Scheduled
1078,158078812,3/3/2025 18:26,1,5.5,DHL/24-25/15253,2/25/2025 9:18,Sri Ganesh Power Systems,BELLARY,BELLARY,Karnataka,3846.8,GATI,Scheduled
1079,77654566,3/3/2025 18:13,5,93.5,DHL/24-25/15428,3/3/2025 11:36,ACEE WEIGHING SOLUTION,AHMEDABAD,AHMEDABAD,Gujarat,23895,TCI,Scheduled
1080,77654570,3/3/2025 18:13,3,20.1,DHL/24-25/15427,3/3/2025 11:36,SOMYA SYSTEM,GWALIOR,GWALIOR,Madhya Pradesh,36391.2,TCI,Scheduled
1081,77654581,3/3/2025 18:12,4,26,DHL/24-25/15426,3/3/2025 11:35,OMM ENTERPRISE,BERHAMPORE,MURSHIDABAD,West Bengal,22774,TCI,Scheduled
1082,77654581,3/3/2025 18:12,5,34.5,DHL/24-25/15426,3/3/2025 11:35,OMM ENTERPRISE,BERHAMPORE,MURSHIDABAD,West Bengal,51920,TCI,Scheduled
1083,77654592,3/3/2025 18:11,1,15.3,DHL/24-25/15402,3/1/2025 14:15,DHANSHREE ELECTRONICS,BHUSAWAL,JALGAON,MAHARASHTRA,6100.6,TCI,All others ODA
1084,77654592,3/3/2025 18:11,1,15.3,DHL/24-25/15403,3/1/2025 14:16,DHANSHREE ELECTRONICS,BHUSAWAL,JALGAON,MAHARASHTRA,6100.6,TCI,All others ODA
1085,274530068,3/3/2025 18:07,2,54.3,DHL/24-25/15420,3/3/2025 11:28,MAHAJAN ELECTRONIC,RAJOURI,RAJOURI,Jammu and Kashmir,19523.1,SAFEXPRESS,Scheduled
1086,274530234,3/3/2025 18:06,4,127.2,DHL/24-25/15466,3/3/2025 17:05,NITIRAJ ENTERPRISES.,NIZAMABAD,NIZAMABAD,Telangana,32332,SAFEXPRESS,Ac
1087,1.00E+11,3/3/2025 18:05,32,281.6,DHL/24-25/15424,3/3/2025 11:32,Dairy udyog,BHUBANESWAR,BHUBANESWAR,Odisha,100630.4,SAFEXPRESS,Scheduled
1088,1.00E+11,3/3/2025 18:05,30,186,DHL/24-25/15424,3/3/2025 11:32,Dairy udyog,BHUBANESWAR,BHUBANESWAR,Odisha,79296,SAFEXPRESS,Scheduled
1089,1.00E+11,3/3/2025 18:03,3,7.5,DHL/24-25/15401,3/1/2025 14:14,NEW INDIA SCALES ENTERPRISES,NOIDA,GAUTAM BUDDHA NAGAR,Uttar Pradesh,22089.6,SAFEXPRESS,Scheduled
1090,1.00E+11,3/3/2025 17:54,1,8.1,DHL/24-25/15237,2/24/2025 12:57,Agrawal Kanta Ghar,SATNA,SATNA,Madhya Pradesh,3858.6,SAFEXPRESS,All others ODA
1091,1.00E+11,3/3/2025 17:54,1,5.5,DHL/24-25/15370,2/28/2025 16:38,Agrawal Kanta Ghar,SATNA,SATNA,Madhya Pradesh,3422,SAFEXPRESS,All others ODA
1092,1.00E+11,3/3/2025 17:54,1,12.1,DHL/24-25/15377,3/1/2025 11:02,Agrawal Kanta Ghar,SATNA,SATNA,Madhya Pradesh,5345.4,SAFEXPRESS,All others ODA
1093,1.00E+11,3/3/2025 17:54,1,16,DHL/24-25/15377,3/1/2025 11:02,Agrawal Kanta Ghar,SATNA,SATNA,Madhya Pradesh,5310,SAFEXPRESS,All others ODA
1106,274487071,3/1/2025 18:17,1,8.2,DHL/24-25/15309,2/27/2025 10:02,Nitiraj Agencies,BASTI,BASTI,Uttar Pradesh,3929.4,DELHIVERY,All others ODA
1107,274487071,3/1/2025 18:17,1,12.5,DHL/24-25/15380,3/1/2025 11:07,Nitiraj Agencies,BASTI,BASTI,Uttar Pradesh,5203.8,DELHIVERY,All others ODA
1108,274486573,3/1/2025 18:16,2,9.2,DHL/24-25/15222,2/24/2025 9:42,Vaishnavi Enterprises,Ambivali,THANE,MAHARASHTRA,6242.2,DELHIVERY,All others ODA
1109,274486573,3/1/2025 18:16,2,18.11,DHL/24-25/15362,2/28/2025 15:06,Vaishnavi Enterprises,Ambivali,THANE,MAHARASHTRA,96878,DELHIVERY,All others ODA
1110,274486573,3/1/2025 18:16,2,60,DHL/24-25/15374,2/28/2025 16:45,Vaishnavi Enterprises,Ambivali,THANE,MAHARASHTRA,16673.4,DELHIVERY,All others ODA
1111,274486366,3/1/2025 18:13,2,23.8,DHL/24-25/15378,3/1/2025 11:04,Vaishnavi Electronics,Kathua,Kathua,Jammu and Kashmir,10360.4,DELHIVERY,All others ODA
1112,274487309,3/1/2025 18:11,10,18,DHL/24-25/15289,2/26/2025 14:05,Sri Bhuvaneshwari Iron Industries,Kadur,CHIKMAGALUR,Karnataka,16520,DELHIVERY,All others ODA
1113,158078751,3/1/2025 18:08,20,56,DHL/24-25/15387,3/1/2025 11:26,NEW TECH SYSTEM,KANNUR,KANNUR,Kerala,19824,GATI,Scheduled
1114,158078720,3/1/2025 18:07,20,56,DHL/24-25/15386,3/1/2025 11:24,TRANSWORLD SCALES SERVICES,Karicode,KOLLAM,Kerala,20532,GATI,Scheduled
1115,158078737,3/1/2025 18:07,1,31.8,DHL/24-25/15385,3/1/2025 11:21,Bilaspur,Bilaspur,Bilaspur,Chhattisgarh,7410.4,GATI,Scheduled
1116,158078744,3/1/2025 18:05,1,4.5,DHL/24-25/15332,2/27/2025 14:56,LIMRA INSTRUMENTS,VASAI(EAST),PALGHAR,MAHARASHTRA,3463.3,GATI,Scheduled
1117,158078744,3/1/2025 18:05,1,2.2,DHL/24-25/15332,2/27/2025 14:56,LIMRA INSTRUMENTS,VASAI(EAST),PALGHAR,MAHARASHTRA,2354.1,GATI,Scheduled
1118,158078744,3/1/2025 18:05,2,16.4,DHL/24-25/15365,2/28/2025 16:33,LIMRA INSTRUMENTS,VASAI(EAST),PALGHAR,MAHARASHTRA,6678.8,GATI,Scheduled
1119,158078850,3/1/2025 18:03,2,9.6,DHL/24-25/15218,2/24/2025 9:39,Monotech lab Instruments and Calibration,Mumbra,THANE,MAHARASHTRA,6726,GATI,Scheduled
1120,158078850,3/1/2025 18:03,2,4.4,DHL/24-25/15218,2/24/2025 9:39,Monotech lab Instruments and Calibration,Mumbra,THANE,MAHARASHTRA,4838,GATI,Scheduled
1121,158078850,3/1/2025 18:03,10,18,DHL/24-25/15324,2/27/2025 14:37,Monotech lab Instruments and Calibration,Mumbra,THANE,MAHARASHTRA,16520,GATI,Scheduled
1122,158078874,3/1/2025 18:01,6,91.2,DHL/24-25/15379,3/1/2025 11:06,RAM CHITRA ENTERPRISES,Araria,Araria,Bihar,33559.2,GATI,All others ODA
1123,1.00E+11,3/1/2025 18:00,2,38.1,DHL/24-25/15416,3/1/2025 16:35,REED CAMB AND ALLIED PRODUCTS PVT LTD,KOLKATA,KOLKATA,West Bengal,51353.6,SAFEXPRESS,Scheduled
1124,158078867,3/1/2025 17:59,4,194.4,DHL/24-25/15353,2/28/2025 11:00,Jeypore,Jeypore,KORAPUT,Odisha,33724.4,GATI,All others ODA
1125,158078867,3/1/2025 17:59,2,53.4,DHL/24-25/15353,2/28/2025 11:00,Jeypore,Jeypore,KORAPUT,Odisha,12024.2,GATI,All others ODA
1126,158078867,3/1/2025 17:59,2,53.4,DHL/24-25/15353,2/28/2025 11:00,Jeypore,Jeypore,KORAPUT,Odisha,11800,GATI,All others ODA
1127,158078867,3/1/2025 17:59,9,105.3,DHL/24-25/15381,3/1/2025 11:14,Jeypore,Jeypore,KORAPUT,Odisha,32922,GATI,All others ODA
1128,1.00E+11,3/1/2025 17:59,1,5.5,DHL/24-25/15329,2/27/2025 14:44,Desire Electro,TEZPUR,SONITPUR,Assam,3976.6,SAFEXPRESS,Scheduled
1129,158079161,3/1/2025 17:55,3,1.5,DHL/24-25/15150,2/21/2025 9:54,Pranav Electronics Sales and service,VAMBORI,AHMEDNAGAR,MAHARASHTRA,4920.6,GATI,Scheduled
1130,158079161,3/1/2025 17:55,2,16.2,DHL/24-25/15150,2/21/2025 9:54,Pranav Electronics Sales and service,VAMBORI,AHMEDNAGAR,MAHARASHTRA,10572.8,GATI,Scheduled
1131,158079161,3/1/2025 17:55,1,63.2,DHL/24-25/15152,2/21/2025 9:56,Pranav Electronics Sales and service,VAMBORI,AHMEDNAGAR,MAHARASHTRA,13440.2,GATI,Scheduled
1132,158079161,3/1/2025 17:55,2,11,DHL/24-25/15288,2/26/2025 14:01,Pranav Electronics Sales and service,VAMBORI,AHMEDNAGAR,MAHARASHTRA,7386.8,GATI,Scheduled
1133,158079161,3/1/2025 17:55,10,18,DHL/24-25/15288,2/26/2025 14:01,Pranav Electronics Sales and service,VAMBORI,AHMEDNAGAR,MAHARASHTRA,16520,GATI,Scheduled
1134,158078898,3/1/2025 17:53,1,5.5,DHL/24-25/15290,2/26/2025 14:19,INDIAN FORWARD COMPANY,NAGERCOIL,NAGERCOIL,Tamil Nadu,3781.9,GATI,All others ODA
1135,158078898,3/1/2025 17:53,2,5.1,DHL/24-25/15322,2/27/2025 14:27,INDIAN FORWARD COMPANY,NAGERCOIL,NAGERCOIL,Tamil Nadu,3711.1,GATI,All others ODA
1136,158078898,3/1/2025 17:53,10,18,DHL/24-25/15322,2/27/2025 14:27,INDIAN FORWARD COMPANY,NAGERCOIL,NAGERCOIL,Tamil Nadu,16520,GATI,All others ODA
1137,158078898,3/1/2025 17:53,1,2.5,DHL/24-25/15325,2/27/2025 14:38,INDIAN FORWARD COMPANY,NAGERCOIL,NAGERCOIL,Tamil Nadu,2354.1,GATI,All others ODA
1138,158078881,3/1/2025 17:51,2,60.2,DHL/24-25/15298,2/26/2025 14:28,SAMARTH ENTERPRISES,LATUR,LATUR,MAHARASHTRA,17452.2,GATI,Scheduled
1139,158078881,3/1/2025 17:51,2,36,DHL/24-25/15298,2/26/2025 14:28,SAMARTH ENTERPRISES,LATUR,LATUR,MAHARASHTRA,12496.2,GATI,Scheduled
1140,158078881,3/1/2025 17:51,1,8.1,DHL/24-25/15298,2/26/2025 14:28,SAMARTH ENTERPRISES,LATUR,LATUR,MAHARASHTRA,4548.9,GATI,Scheduled
1141,158078881,3/1/2025 17:51,3,90.6,DHL/24-25/15375,2/28/2025 16:48,SAMARTH ENTERPRISES,LATUR,LATUR,MAHARASHTRA,26178.3,GATI,Scheduled
1142,1.00E+11,3/1/2025 17:50,3,6.6,DHL/24-25/15209,2/24/2025 9:20,Dipjay Digitel Scale Agency,Greswar,Baksa,Assam,17650.44,SAFEXPRESS,Scheduled
1143,1.00E+11,3/1/2025 17:48,2,23.4,DHL/24-25/14827,2/10/2025 13:47,Prakash Traders.,DINDORI,DINDORI,Madhya Pradesh,11210,SAFEXPRESS,All others ODA
1144,158078843,3/1/2025 17:48,1,30.1,DHL/24-25/15259,2/25/2025 9:27,MITTAL ELECTRONICS,AMRAVATI,AMRAVATI,MAHARASHTRA,8726.1,GATI,Scheduled
1145,158078843,3/1/2025 17:48,1,28,DHL/24-25/15259,2/25/2025 9:27,MITTAL ELECTRONICS,AMRAVATI,AMRAVATI,MAHARASHTRA,8478.3,GATI,Scheduled
1146,158078843,3/1/2025 17:48,2,11.8,DHL/24-25/15296,2/26/2025 14:25,MITTAL ELECTRONICS,AMRAVATI,AMRAVATI,MAHARASHTRA,5386.7,GATI,Scheduled
1147,1.00E+11,3/1/2025 17:47,2,12.1,DHL/24-25/15384,3/1/2025 11:19,NATRAJ AGENCY,REWA,REWA,Madhya Pradesh,5015,SAFEXPRESS,All others ODA
1159,158078959,2/28/2025 11:23,2,124.6,DHL/24-25/15316,2/27/2025 12:10,VEERBHADRA SALES CORPORATION,NANDED,NANDED,MAHARASHTRA,44993.4,GATI,Scheduled
1161,1000 2184 8641,2/28/2025 10:19,2,11,DHL/24-25/15334,2/27/2025 14:58,SANT SALES CORPORATION,SATNA,SATNA,Madhya Pradesh,7386.8,SAFEXPRESS,All others ODA
1162,1000 2184 8641,2/28/2025 10:19,2,16.4,DHL/24-25/15308,2/27/2025 10:01,SANT SALES CORPORATION,SATNA,SATNA,Madhya Pradesh,7858.8,SAFEXPRESS,All others ODA
1163,1000 2184 8163,2/28/2025 10:18,1,26.2,DHL/24-25/15356,2/28/2025 11:06,AVER SCALES &SYSTEMS,DELHI,DELHI,DELHI,7976.8,SAFEXPRESS,All others ODA
1164,1000 2184 7576,2/28/2025 10:17,10,17,DHL/24-25/15320,2/27/2025 14:20,PARTHENDU SAHA,TINSUKIA,TINSUKIA,Assam,17464,SAFEXPRESS,Scheduled
1165,1000 2184 7243,2/28/2025 10:17,10,18,DHL/24-25/15323,2/27/2025 14:29,C R Mart,Aizwal,Aizwal,Mizoram,16874,SAFEXPRESS,Scheduled
1166,1000 2184 6690,2/28/2025 10:16,2,9.1,DHL/24-25/15364,2/28/2025 15:10,DHANSHREE ELECTRONICS,BHUSAWAL,JALGAON,MAHARASHTRA,4259.8,SAFEXPRESS,All others ODA
1167,1000 2184 6690,2/28/2025 10:16,1,16.7,DHL/24-25/15364,2/28/2025 15:10,DHANSHREE ELECTRONICS,BHUSAWAL,JALGAON,MAHARASHTRA,5439.8,SAFEXPRESS,All others ODA
1168,1000 2184 5934,2/28/2025 10:15,4,22.6,DHL/24-25/15350,2/28/2025 10:56,D H Weighing Scales,Kukatpally,MEDCHAL-MALKAJIGIRI,Telangana,8378,SAFEXPRESS,Ac
